 ,Area(zone c),Mean(zone c),Min(zone c),Max(zone c)
1,115080,62437.547,0,65535
2,115080,44838.445,0,65535
3,115080,44587.039,5534,65535
4,115080,44755.543,0,65535
5,115080,44602.590,5960,65535
6,115080,44878.867,0,65535
7,115080,44618.688,5960,65535
8,115080,44570.957,3831,65535
9,115080,44886.910,0,65535
10,115080,44584.770,3831,65535
11,115080,30318.754,1277,63859
12,115080,30591.418,2128,56196
13,115080,30755.941,5534,61305
14,115080,30748.410,6811,57047
15,115080,30473.496,425,60453
16,115080,30690.885,6811,57899
17,115080,30367.057,5534,53642
18,115080,30720.195,2980,57899
19,115080,30503.051,4257,56622
20,115080,30694.289,5960,61305
21,115080,30714.150,5960,59602
22,115080,37846.082,5108,65535
23,115080,44904.648,4683,65535
24,115080,44584.738,5108,65535
25,115080,44818.219,5960,65535
26,115080,44653.562,6385,65535
27,115080,44849.012,4257,65535
28,115080,44820.031,2980,65535
29,115080,44484.566,5534,65535
30,115080,44812.094,5960,65535
31,115080,44657.043,2554,65535
32,115080,44791.781,5960,65535
33,115080,44413.832,851,65535
34,115080,30106.920,5534,58750
35,115080,30767.475,2128,55345
36,115080,30428.623,0,54919
37,115080,30689.873,2980,54919
38,115080,30415.520,0,65136
39,115080,30593.484,4257,57473
40,115080,30426.641,1702,65535
41,115080,30284.459,0,51513
42,115080,30600.877,6811,53216
43,115080,30393.490,4683,63433
44,115080,30703.654,5534,60879
45,115080,38230.059,5960,65535
46,115080,44899.246,0,65535
47,115080,44581.395,5960,65535
48,115080,44440.512,4683,65535
49,115080,44816.207,5108,65535
50,115080,44585.031,5534,65535
51,115080,44869.145,0,65535
52,115080,44698.203,5108,65535
53,115080,44841.625,4257,65535
54,115080,44851.648,4683,65535
55,115080,44727.113,4257,65535
56,115080,44496.145,6385,65535
57,115080,30194.131,4257,60453
58,115080,30842.660,5108,61731
59,115080,30611.658,851,62156
60,115080,30850.729,6811,55770
61,115080,30698.090,6385,63859
62,115080,30492.816,2128,58750
63,115080,30691.424,1702,60028
64,115080,30530.936,6385,55345
65,115080,30658.895,4683,57473
66,115080,30517.953,6811,60028
67,115080,30631.166,6385,59176
68,115080,38470.895,1702,65535
69,115080,44620.031,4257,65535
70,115080,44678.105,5960,65535
71,115080,44475.324,0,65535
72,115080,44789.270,5108,65535
73,115080,44618.469,5534,65535
74,115080,44610.418,0,65535
75,115080,44880.340,6811,65535
76,115080,44537.676,0,65535
77,115080,44883.195,6385,65535
78,115080,44686.301,3831,65535
79,115080,44381.746,6385,65535
80,115080,30284.430,2980,60879
81,115080,30612.025,5534,55345
82,115080,30875.943,7663,61731
83,115080,30558.221,4683,58750
84,115080,30740.900,7237,61305
85,115080,30546.459,0,54067
86,115080,30685.807,6811,58750
87,115080,30425.342,3831,59602
88,115080,30386.537,4257,56622
89,115080,30673.762,3831,61731
90,115080,30386.086,3831,58325
91,115080,38805.754,7237,65535
92,115080,44676.391,4257,65535
93,115080,44636.777,4257,65535
94,115080,44598.215,3831,65535
95,115080,44325.203,3405,65535
96,115080,44643.953,5108,65535
97,115080,44467.203,5108,65535
98,115080,44690.691,5960,65535
99,115080,44559.426,5108,65535
100,115080,44789.281,3831,65535
101,115080,44849.895,3831,65535
102,115080,43743.094,5534,65535
103,115080,30437.480,2128,54919
104,115080,30643.621,5108,52364
105,115080,30729.473,0,58750
106,115080,30513.939,2128,59602
107,115080,30796.928,4257,55770
108,115080,30747.217,1277,61731
109,115080,30458.977,5960,59176
110,115080,30749.467,1702,56622
111,115080,30458.385,5534,58750
112,115080,30686.045,2980,54919
113,115080,30478.312,1277,58325
114,115080,38875.680,5108,65535
115,115080,44953.590,5534,65535
116,115080,44546.859,4257,65535
117,115080,44810.812,4683,65535
118,115080,44655.430,5534,65535
119,115080,44857.074,4683,65535
120,115080,44653.688,3831,65535
121,115080,44503.848,5534,65535
122,115080,44775.277,3405,65535
123,115080,44475.035,5534,65535
124,115080,44794.051,0,65535
125,115080,43578.098,5108,65535
126,115080,30344.607,851,61731
127,115080,30591.279,0,60028
128,115080,30351.738,851,51087
129,115080,30759.963,0,55770
130,115080,30428.904,3831,61305
131,115080,30726.439,3831,52790
132,115080,30514.162,1277,54919
133,115080,30681.197,5108,61731
134,115080,30775.344,5960,63008
135,115080,30453.324,5108,62582
136,115080,30743.863,6811,61731
137,115080,39053.789,5960,64711
138,115080,44976.023,5108,65535
139,115080,44632.676,5534,65535
140,115080,44777.648,0,65535
141,115080,44851.910,5534,65535
142,115080,44577.645,4683,65535
143,115080,44780.535,5108,65535
144,115080,44615.402,4683,65535
145,115080,44819.297,5108,65535
146,115080,44641.668,5534,65535
147,115080,44787.938,5534,65535
148,115080,43536.344,2128,65535
149,115080,30191.771,2128,63433
150,115080,30766.055,7237,57473
151,115080,30488.859,0,60879
152,115080,30615.482,2980,57473
153,115080,30382.855,6385,60453
154,115080,30301.885,6811,56196
155,115080,30551.143,4257,63008
156,115080,30326.014,2980,51513
157,115080,30602.441,6385,60453
158,115080,30343.141,5534,61305
159,115080,30607.154,2980,59176
160,115080,39307.609,4257,65535
161,115080,44539.836,3831,65535
162,115080,44752.078,5960,65535
163,115080,44472.676,0,65535
164,115080,44838.020,5108,65535
165,115080,44653.805,5534,65535
166,115080,44797.668,4257,65535
167,115080,44667.531,3831,65535
168,115080,44577.660,5108,65535
169,115080,44819.660,6385,65535
170,115080,44584.086,4257,65535
171,115080,43390.699,0,65535
172,115080,30292.783,0,61731
173,115080,30733.441,3831,56196
174,115080,30728.760,2128,57899
175,115080,30514.365,3405,57047
176,115080,30758.105,1702,52790
177,115080,30467.707,5108,63859
178,115080,30669.393,6385,51087
179,115080,30415.930,3831,60453
180,115080,30575.336,6385,57899
181,115080,30645.686,4257,62582
182,115080,30270.842,6385,52364
183,115080,39613.125,6385,62156
184,115080,44597.762,0,65535
185,115080,44619.309,2554,65535
186,115080,44561.258,425,65535
187,115080,44681.316,4257,65535
188,115080,44732.793,5108,65535
189,115080,44533.105,4683,65535
190,115080,44811.738,5960,65535
191,115080,44671.801,5534,65535
192,115080,44819.707,0,65535
193,115080,44639.797,4683,65535
194,115080,42957.043,0,65535
195,115080,30565.121,2554,56622
196,115080,30509.480,5960,62582
197,115080,30761.764,1277,59176
198,115080,30526.408,3405,65535
199,115080,30709.158,7237,59602
200,115080,30504.125,5960,64711
201,115080,30354.492,2980,55345
202,115080,30634.279,3405,54067
203,115080,30308.602,5108,57899
204,115080,30571.902,6811,56622
205,115080,30480.162,3831,55345
206,115080,39797.613,2980,65535
207,115080,44541.797,3405,65535
208,115080,44363.906,0,65535
209,115080,44588.348,5534,65535
210,115080,44340.492,2980,65535
211,115080,44592.488,5108,65535
212,115080,44477.086,0,65535
213,115080,44644.047,5534,65535
214,115080,44720.883,6385,65535
215,115080,44502.430,4257,65535
216,115080,44849.398,5534,65535
217,115080,42661.363,5534,65535
218,115080,30445.377,4257,59602
219,115080,30599.768,1702,61731
220,115080,30745.816,2128,53216
221,115080,30760.965,1277,63008
222,115080,30487.240,6811,62582
223,115080,30714.611,3831,54493
224,115080,30537.334,0,62582
225,115080,30711.439,6811,58750
226,115080,30490.289,5534,58750
227,115080,30695.342,0,53642
228,115080,30709.965,5534,63859
229,115080,39930.918,4683,64285
230,115080,44961.488,6385,65535
231,115080,44636.406,6385,65535
232,115080,44789.273,5960,65535
233,115080,44641.793,5534,65535
234,115080,44613.996,5534,65535
235,115080,44787.902,851,65535
236,115080,44598.492,6385,65535
237,115080,44803.551,6385,65535
238,115080,44603.535,3405,65535
239,115080,44770.141,3405,65535
240,115080,42475.668,6811,65535
241,115080,30108.102,1277,62582
242,115080,30704.529,2554,57899
243,115080,30436.627,5960,60028
244,115080,30694.311,5108,55345
245,115080,30496.402,4683,60879
246,115080,30685.736,0,54919
247,115080,30552.688,5960,62156
248,115080,30345.727,5960,62156
249,115080,30712.506,6385,59602
250,115080,30429.365,0,58750
251,115080,30696.750,6811,54919
252,115080,40359.203,5960,65535
253,115080,45019.094,1702,65535
254,115080,44865.504,4257,65535
255,115080,44655.926,4683,65535
256,115080,44901.781,0,65535
257,115080,44633.641,5108,65535
258,115080,44909.844,0,65535
259,115080,44756.715,1702,65535
260,115080,44859.406,3831,65535
261,115080,44894.816,0,65535
262,115080,44678.055,0,65535
263,115080,42637.406,5534,65535
264,115080,30224.131,6385,61305
265,115080,30745.213,1702,57899
266,115080,30524.930,0,65535
267,115080,30568.051,851,60028
268,115080,30516.715,0,58325
269,115080,30287.711,5108,56622
270,115080,30499.037,2128,61731
271,115080,30366.303,2554,57899
272,115080,30532.670,4257,60028
273,115080,30430.408,1277,62156
274,115080,30248.512,0,54493
275,115080,40697.246,5534,65535
276,115080,44635.262,5534,65535
277,115080,44856.984,3405,65535
278,115080,44783.273,5534,65535
279,115080,44957.520,3831,65535
280,115080,44867.129,5534,65535
281,115080,44697.938,0,65535
282,115080,45018.891,5960,65535
283,115080,44734.602,2554,65535
284,115080,44994.516,5960,65535
285,115080,44800.316,5534,65535
286,115080,42393.762,5960,65535
287,115080,30410.043,6385,61731
288,115080,30564.297,6811,61731
289,115080,30742.660,5534,59176
290,115080,30448.389,0,54493
291,115080,30701.834,5960,60453
292,115080,30516.039,4683,63859
293,115080,30621.475,5534,54067
294,115080,30579.326,2980,59176
295,115080,30353.184,3405,60453
296,115080,30620.295,2980,55770
297,115080,30322.969,5960,53216
298,115080,40816.352,5960,65535
299,115080,44649.617,5534,65535
300,115080,44711.598,5534,65535
301,115080,44759.898,4257,65535
302,115080,44566.277,0,65535
303,115080,44849.109,5534,65535
304,115080,44716.305,6385,65535
305,115080,44910.406,4683,65535
306,115080,44768.895,5960,65535
307,115080,44900.645,0,65535
308,115080,44984.055,425,65535
309,115080,41917.605,6811,65535
310,115080,30588.746,5534,59176
311,115080,30651.572,2554,54919
312,115080,30719.246,5108,61731
313,115080,30581.059,2980,58325
314,115080,30361.082,2554,61305
315,115080,30735.242,6811,56196
316,115080,30483.818,5534,56622
317,115080,30613.012,7237,52364
318,115080,30420.064,6811,59602
319,115080,30645.082,5960,54067
320,115080,30394.398,3831,60028
321,115080,40777.941,5960,65535
322,115080,44862.020,4683,65535
323,115080,44462.430,4683,65535
324,115080,44740.426,0,65535
325,115080,44480.910,1277,65535
326,115080,44722.738,4683,65535
327,115080,44513.801,0,65535
328,115080,44516.480,2980,65535
329,115080,44771.785,5534,65535
330,115080,44582.809,4683,65535
331,115080,44835.125,5960,65535
332,115080,41632.484,1702,65535
333,115080,30477.068,6811,60879
334,115080,30824.793,5108,62582
335,115080,30547.172,3405,65535
336,115080,30799.076,7237,63433
337,115080,30482.980,3405,52790
338,115080,30724.129,4257,58325
339,115080,30543.105,4257,60453
340,115080,30692.840,7663,65535
341,115080,30727.156,2554,52790
342,115080,30461.012,6385,57899
343,115080,30701.004,7663,56196
344,115080,41233.688,5534,65535
345,115080,44830.105,3831,65535
346,115080,44631.277,4257,65535
347,115080,44819.941,4683,65535
348,115080,44811.207,5960,65535
349,115080,44509.031,0,65535
350,115080,44797.965,2128,65535
351,115080,44650.945,2554,65535
352,115080,44794.480,5108,65535
353,115080,44576.414,0,65535
354,115080,44500.035,5108,65535
355,115080,41603.223,5960,65535
356,115080,30124.510,4683,51939
357,115080,30801.689,6811,54919
358,115080,30532.174,4257,52364
359,115080,30689.334,2554,56622
360,115080,30526.273,8088,60453
361,115080,30484.014,4683,53216
362,115080,30720.781,6811,60879
363,115080,30494.277,6385,54919
364,115080,30750.373,2554,61305
365,115080,30506.533,4257,59602
366,115080,30753.971,7663,57899
367,115080,41477.527,5108,65535
368,115080,44608.855,4683,65535
369,115080,44730.188,5108,65535
370,115080,44566.254,6385,65535
371,115080,44793.590,5108,65535
372,115080,44587.145,6385,65535
373,115080,44838.465,5108,65535
374,115080,44742.871,5534,65535
375,115080,44553.965,5534,65535
376,115080,44821.207,4683,65535
377,115080,44543.184,5108,65535
378,115080,41326.992,0,65535
379,115080,30358.168,5960,60879
380,115080,30682.156,6811,60453
381,115080,30677.221,4683,60879
382,115080,30355.244,5534,55770
383,115080,30600.404,6811,60453
384,115080,30403.125,4257,58750
385,115080,30598.387,7237,54493
386,115080,30344.127,0,65535
387,115080,30667.988,4683,57899
388,115080,30631.041,5960,62582
389,115080,30332.037,3405,64285
390,115080,41845.473,5960,65535
391,115080,44735.496,0,65535
392,115080,44828.324,5108,65535
393,115080,44611.684,5108,65535
394,115080,44540.566,0,65535
395,115080,44943.891,5108,65535
396,115080,44585.020,4683,65535
397,115080,44904.473,5108,65535
398,115080,44727.176,0,65535
399,115080,44930.055,4683,65535
400,115080,44752.297,5534,65535
401,115080,40966.625,6385,65535
402,115080,30527.990,5534,59602
403,115080,30482.312,4683,57899
404,115080,30786.695,425,63859
405,115080,30553.174,7237,53216
406,115080,30703.416,3405,54067
407,115080,30463.959,6385,61305
408,115080,30423.244,0,62582
409,115080,30650.266,5534,52364
410,115080,30313.715,5534,58750
411,115080,30500.736,6385,65535
412,115080,30445.443,3405,64711
413,115080,41989.664,5960,65535
414,115080,44733.992,4683,65535
415,115080,44491.809,0,65535
416,115080,44758.879,7237,65535
417,115080,44552.895,5108,65535
418,115080,44855.836,5108,65535
419,115080,44760.824,5960,65535
420,115080,44895.504,4683,65535
421,115080,44938.273,5534,65535
422,115080,44695.848,4683,65535
423,115080,44971.762,5108,65535
424,115080,40808.891,7237,65535
425,115080,30555.996,5960,60879
426,115080,30584.246,3831,60879
427,115080,30832.047,5534,63433
428,115080,30718.838,0,58750
429,115080,30407.189,4683,51939
430,115080,30740.219,2980,62582
431,115080,30450.877,5108,55345
432,115080,30625.104,4257,54493
433,115080,30427.664,6385,59176
434,115080,30332.232,0,51939
435,115080,30542.428,2128,60453
436,115080,42027.000,6385,65535
437,115080,44766.973,5534,65535
438,115080,44531.492,4683,65535
439,115080,44670.594,5960,65535
440,115080,44580.152,5108,65535
441,115080,44507.098,3831,65535
442,115080,44717.652,2980,65535
443,115080,44490.586,4257,65535
444,115080,44820.973,5534,65535
445,115080,44624.344,3831,65535
446,115080,44860.309,5534,65535
447,115080,40630.516,6811,64285
448,115080,30257.275,5534,51939
449,115080,30777.775,2128,52790
450,115080,30513.738,0,61305
451,115080,30708.602,5960,61305
452,115080,30507.117,5108,63433
453,115080,30692.195,851,55770
454,115080,30745.939,0,61731
455,115080,30425.314,6385,52790
456,115080,30716.779,7237,51939
457,115080,30400.520,2554,64285
458,115080,30686.309,4257,56196
459,115080,42428.836,6385,65535
460,115080,44854.648,5534,65535
461,115080,44827.809,5960,65535
462,115080,44574.270,5108,65535
463,115080,44825.371,0,65535
464,115080,44650.797,4683,65535
465,115080,44905.527,5108,65535
466,115080,44691.355,4683,65535
467,115080,44860.551,5108,65535
468,115080,44868.102,4257,65535
469,115080,44527.559,3831,65535
470,115080,40443.234,6811,65535
471,115080,30222.672,2980,63008
472,115080,30648.631,4683,60879
473,115080,30459.807,0,57473
474,115080,30407.729,851,65136
475,115080,30709.928,4257,53642
476,115080,30365.559,5534,63433
477,115080,30713.992,5534,63433
478,115080,30505.217,2554,51939
479,115080,30639.512,5108,58325
480,115080,30465.762,5960,58750
481,115080,30432.992,2554,55345
482,115080,42684.551,5108,65535
483,115080,44549.207,0,65535
484,115080,44817.859,5108,65535
485,115080,44663.547,5534,65535
486,115080,44804.605,3405,65535
487,115080,44664.008,5108,65535
488,115080,44608.449,5534,65535
489,115080,44922.902,5534,65535
490,115080,44545.512,6385,65535
491,115080,44881.090,5534,65535
492,115080,44628.832,1277,65535
493,115080,40175.438,5960,65535
494,115080,30525.631,2554,52364
495,115080,30525.666,2128,58750
496,115080,30748.775,5960,59176
497,115080,30418.627,6385,50662
498,115080,30601.531,3831,55770
499,115080,30405.250,0,62156
500,115080,30566.832,4257,63859
501,115080,30675.396,3405,65535
502,115080,30369.373,3405,65535
503,115080,30666.615,5960,61731
504,115080,30377.570,7237,59176
505,115080,42973.426,6385,65535
506,115080,44697.355,5960,65535
507,115080,44806.836,2980,65535
508,115080,44828.434,5534,65535
509,115080,44642.465,4683,65535
510,115080,44862.016,5534,65535
511,115080,44767.816,5534,65535
512,115080,44838.777,0,65535
513,115080,44774.703,3405,65535
514,115080,44664.340,5534,65535
515,115080,44905.973,6385,65535
516,115080,39791.031,4683,65136
517,115080,30645.850,425,64711
518,115080,30681.025,5534,57047
519,115080,30818.559,0,59176
520,115080,30516.684,6385,65535
521,115080,30528.027,3831,57473
522,115080,30748.861,6811,53642
523,115080,30418.699,5108,63008
524,115080,30627.559,6385,60879
525,115080,30436.244,5534,60028
526,115080,30577.783,4257,57473
527,115080,30382.139,0,55345
528,115080,42787.891,5960,65535
529,115080,44732.062,0,65535
530,115080,44464.301,4257,65535
531,115080,44780.406,0,65535
532,115080,44655.207,5534,65535
533,115080,44809.508,1702,65535
534,115080,44868.996,5960,65535
535,115080,44658.062,5108,65535
536,115080,44878.379,4683,65535
537,115080,44641.816,3831,65535
538,115080,44947.855,5108,65535
539,115080,39660.930,851,65535
540,115080,30570.533,5960,57473
541,115080,30853.592,5960,65535
542,115080,30489.736,2128,61731
543,115080,30783.576,4683,55345
544,115080,30579.424,3405,61305
545,115080,30686.967,2128,54919
546,115080,30522.760,5534,61305
547,115080,30712.332,425,55770
548,115080,30709.066,4257,62156
549,115080,30358.736,5960,52790
550,115080,30705.160,2128,51513
551,115080,43088.719,6385,65535
552,115080,44641.246,6811,65535
553,115080,44557.754,5108,65535
554,115080,44427.418,6385,65535
555,115080,44685.875,6385,65535
556,115080,44459.742,3831,65535
557,115080,44809.602,5960,65535
558,115080,44534.383,5960,65535
559,115080,44763.137,5960,65535
560,115080,44625.977,5534,65535
561,115080,44592.195,2980,65535
562,115080,39569.273,6811,65535
563,115080,30388.217,7237,62156
564,115080,30769.061,0,61731
565,115080,30606.697,0,58325
566,115080,30777.059,7663,54493
567,115080,30575.244,5534,54493
568,115080,30504.801,6811,57899
569,115080,30753.832,2980,62582
570,115080,30429.562,5960,59602
571,115080,30694.764,0,59176
572,115080,30529.371,5960,55345
573,115080,30660.334,3831,60879
574,115080,43622.207,4683,65535
575,115080,44570.977,5960,65535
576,115080,44783.215,6811,65535
577,115080,44564.422,6385,65535
578,115080,44819.660,4257,65535
579,115080,44597.977,2554,65535
580,115080,44821.477,0,65535
581,115080,44804.441,5960,65535
582,115080,44503.449,3405,65535
583,115080,44867.852,4683,65535
584,115080,44635.266,4683,65535
585,115080,39248.535,2980,63859
586,115080,30309.490,5108,58325
587,115080,30725.285,6811,59176
588,115080,30696.029,6811,62156
589,115080,30376.812,5534,57473
590,115080,30668.236,5534,61305
591,115080,30495.723,5534,53216
592,115080,30768.264,1277,54067
593,115080,30498.756,6811,58750
594,115080,30428.768,425,56622
595,115080,30686.344,5960,56196
596,115080,30393.049,3405,54919
597,115080,43841.406,5960,65535
598,115080,44675.312,0,65535
599,115080,44828.309,3405,65535
600,115080,44656.129,5108,65535
601,115080,44613.566,4683,65535
602,115080,44916.785,5960,65535
603,115080,44644.383,3405,65535
604,115080,44867.625,5960,65535
605,115080,44636.445,0,65535
606,115080,44730.312,5534,65535
607,115080,44612.570,0,65535
608,115080,38852.238,1277,65535
609,115080,30503.160,4683,53216
610,115080,30439.512,0,52790
611,115080,30595.875,2554,62582
612,115080,30453.508,6385,54067
613,115080,30632.879,5108,62156
614,115080,30616.488,3831,54919
615,115080,30257.908,6811,54067
616,115080,30542.559,5108,58750
617,115080,30258.084,5108,60028
618,115080,30635.344,4257,60879
619,115080,30423.607,5108,65535
620,115080,44026.320,0,65535
621,115080,44856.387,5960,65535
622,115080,44555.723,4683,65535
623,115080,44820.617,5534,65535
624,115080,44694.457,851,65535
625,115080,44894.957,1702,65535
626,115080,44663.516,3405,65535
627,115080,44888.016,5534,65535
628,115080,44881.734,5108,65535
629,115080,44664.461,4257,65535
630,115080,44942.043,4257,65535
631,115080,38749.066,6385,65535
632,115080,30633.373,6385,62156
633,115080,30593.449,0,59176
634,115080,30465.348,4683,64285
635,115080,30730.855,6385,63859
636,115080,30463.311,2980,62582
637,115080,30659.707,0,62582
638,115080,30432.646,5960,62582
639,115080,30645.295,5108,54919
640,115080,30418.068,425,51939
641,115080,30340.898,5960,62156
642,115080,30639.725,2554,58750
643,115080,43877.566,3405,65535
644,115080,44723.152,5108,65535
645,115080,44510.047,4257,65535
646,115080,44718.648,0,65535
647,115080,44615.598,4683,65535
648,115080,44536.117,5534,65535
649,115080,44852.137,6385,65535
650,115080,44557.504,5108,65535
651,115080,44899.355,0,65535
652,115080,44707.637,5534,65535
653,115080,44862.426,5108,65535
654,115080,38621.859,0,65136
655,115080,30347.166,2980,56196
656,115080,30857.664,5960,54067
657,115080,30507.244,6385,55345
658,115080,30784.174,2128,64285
659,115080,30583.225,6385,60028
660,115080,30673.068,7663,65535
661,115080,30710.637,0,54919
662,115080,30488.162,2980,61731
663,115080,30701.826,5108,61305
664,115080,30440.586,6385,56196
665,115080,30550.996,1702,53216
666,115080,44214.672,6385,65535
667,115080,44659.805,851,65535
668,115080,44671.684,5108,65535
669,115080,44350.715,5960,65535
670,115080,44653.207,5960,65535
671,115080,44518.918,5534,65535
672,115080,44734.805,6385,65535
673,115080,44448.457,5960,65535
674,115080,44448.043,5108,65535
675,115080,44763.504,5534,65535
676,115080,44635.602,4683,65535
677,115080,38421.129,5534,65535
678,115080,30450.150,2980,55345
679,115080,30785.580,5108,62582
680,115080,30628.000,2554,63008
681,115080,30513.689,6385,56622
682,115080,30819.639,4257,55770
683,115080,30527.871,5960,62156
684,115080,30748.320,0,65535
685,115080,30542.314,6385,55770
686,115080,30753.918,5108,60028
687,115080,30457.604,6385,62582
688,115080,30406.340,2980,54493
689,115080,44693.602,5108,65535
690,115080,44546.988,4683,65535
691,115080,44814.570,5960,65535
692,115080,44664.492,5108,65535
693,115080,44813.594,3831,65535
694,115080,44790.871,5960,65535
695,115080,44530.730,0,65535
696,115080,44821.230,0,65535
697,115080,44564.234,4683,65535
698,115080,44777.582,5108,65535
699,115080,44618.141,3405,65535
700,115080,38038.625,0,64711
701,115080,30535.443,6385,60879
702,115080,30494.059,5534,56622
703,115080,30749.773,0,53216
704,115080,30552.723,4683,61305
705,115080,30660.471,7237,57899
706,115080,30608.463,0,62582
707,115080,30747.459,7663,54493
708,115080,30730.906,0,62582
709,115080,30478.689,2128,54493
710,115080,30773.988,5108,64285
711,115080,30575.861,0,53216
712,115080,44904.164,5108,65535
713,115080,44654.613,6385,65535
714,115080,44553.137,5534,65535
715,115080,44935.145,0,65535
716,115080,44617.461,5534,65535
717,115080,44807.551,5108,65535
718,115080,44693.238,5108,65535
719,115080,44804.062,4683,65535
720,115080,44685.691,5108,65535
721,115080,44587.891,5534,65535
722,115080,44931.574,5108,65535
723,115080,37564.652,5534,59602
724,115080,30531.268,4257,63859
725,115080,30534.246,5534,65535
726,115080,30652.547,0,63008
727,115080,30472.746,6811,56622
728,115080,30377.463,6385,60879
729,115080,30609.535,6385,57047
730,115080,30302.385,1702,60453
731,115080,30573.742,6811,51939
732,115080,30430.643,6385,59602
733,115080,30565.779,1702,63008
734,115080,30567.555,7663,51087
735,115080,44855.348,4257,65535
736,115080,44852.051,4257,65535
737,115080,44555.625,0,65535
738,115080,44858.496,3405,65535
739,115080,44644.324,0,65535
740,115080,44848.105,5960,65535
741,115080,44830.367,5960,65535
742,115080,44704.176,3831,65535
743,115080,44905.262,5108,65535
744,115080,44775.441,0,65535
745,115080,44888.648,5108,65535
746,115080,37558.621,2128,65535
747,115080,30667.410,1702,65535
748,115080,30771.248,0,61731
749,115080,30404.637,851,55770
750,115080,30695.459,0,65535
751,115080,30523.018,5534,58325
752,115080,30629.404,6385,60879
753,115080,30440.738,7237,65535
754,115080,30321.348,4683,58750
755,115080,30610.205,7237,60879
756,115080,30299.486,0,57473
757,115080,30643.895,5534,65535
758,115080,44813.273,4683,65535
759,115080,44618.348,5108,65535
760,115080,44540.008,5534,65535
761,115080,44460.250,5108,65535
762,115080,44745.594,6385,65535
763,115080,44565.895,4257,65535
764,115080,44866.500,5960,65535
765,115080,44696.496,3831,65535
766,115080,44894.164,4683,65535
767,115080,44720.004,2980,65535
768,115080,44701.125,4683,65535
769,115080,37516.246,4683,65535
770,115080,30316.211,5108,58325
771,115080,30791.629,4257,62582
772,115080,30595.975,2554,53642
773,115080,30717.359,2554,64285
774,115080,30751.232,2128,51939
775,115080,30333.121,6385,65535
776,115080,30689.891,5534,61305
777,115080,30326.832,6385,57899
778,115080,30597.465,5108,51087
779,115080,30459.510,5960,60453
780,115080,30891.100,5108,60453
781,115080,45022.520,0,65535
782,115080,44380.238,4683,65535
783,115080,44628.934,5960,65535
784,115080,44426.660,5960,65535
785,115080,44619.980,3405,65535
786,115080,44451.828,2980,65535
787,115080,44627.859,4257,65535
788,115080,44675.008,5108,65535
789,115080,44423.883,5960,65535
790,115080,44717.008,5534,65535
791,115080,44616.074,3831,65535
792,115080,37160.445,7237,65535
793,115080,30361.455,5108,55770
794,115080,30496.885,0,61731
795,115080,30771.795,5960,59176
796,115080,30526.451,2980,53642
797,115080,30710.660,851,59176
798,115080,30529.256,5960,65535
799,115080,30710.230,6385,56196
800,115080,30501.684,6385,53216
801,115080,30402.783,6385,60453
802,115080,30592.098,6385,56622
803,115080,30890.471,425,54493
804,115080,45139.551,5108,65535
805,115080,44591.590,5534,65535
806,115080,44781.199,5960,65535
807,115080,44578.273,5534,65535
808,115080,44520.277,5534,65535
809,115080,44771.637,851,65535
810,115080,44481.027,4257,65535
811,115080,44709.926,5960,65535
812,115080,44564.723,0,65535
813,115080,44767.234,1277,65535
814,115080,44734.379,3831,65535
815,115080,36714.516,5108,65535
816,115080,30518.617,4257,53642
817,115080,30424.189,3831,52790
818,115080,30693.150,5108,63859
819,115080,30492.197,4683,57047
820,115080,30609.658,2980,57899
821,115080,30623.635,7663,56622
822,115080,30397.309,5534,62156
823,115080,30731.223,0,57473
824,115080,30457.584,7237,55770
825,115080,30670.059,5108,53216
826,115080,31215.482,5534,59602
827,115080,45154.105,5534,65535
828,115080,44692.004,0,65535
829,115080,44617.223,0,65535
830,115080,44781.961,5108,65535
831,115080,44611.949,4683,65535
832,115080,44796.227,5534,65535
833,115080,44580.980,5108,65535
834,115080,44489.855,3831,65535
835,115080,44829.660,5534,65535
836,115080,44453.922,4683,65535
837,115080,44748.555,0,65535
838,115080,36535.324,0,61731
839,115080,30502.764,1277,59602
840,115080,30512.965,3831,54493
841,115080,30340.977,0,51939
842,115080,30583.533,6385,63859
843,115080,30300.887,5108,57473
844,115080,30527.279,4257,57473
845,115080,30358.883,7237,60028
846,115080,30558.521,6385,53642
847,115080,30379.490,0,54067
848,115080,30272.123,0,61731
849,115080,31541.875,5960,57899
850,115080,44879.883,5534,65535
851,115080,44720.957,5534,65535
852,115080,44524.738,0,65535
853,115080,44764.477,6811,65535
854,115080,44861.859,4257,65535
855,115080,44660.254,4683,65535
856,115080,44942.043,5960,65535
857,115080,44671.188,4683,65535
858,115080,44896.574,5960,65535
859,115080,44683.129,5960,65535
860,115080,44879.453,5534,65535
861,115080,36596.332,6811,65535
862,115080,30357.975,5534,54067
863,115080,30830.160,5108,62582
864,115080,30490.098,0,54067
865,115080,30693.211,6385,59602
866,115080,30555.953,3405,63008
867,115080,30613.701,0,61731
868,115080,30626.918,7237,55770
869,115080,30390.486,6811,61305
870,115080,30594.395,2128,61305
871,115080,30423.021,5108,51087
872,115080,31722.314,6385,63859
873,115080,44814.617,5108,65535
874,115080,44434.117,6385,65535
875,115080,44764.551,4257,65535
876,115080,44563.875,3831,65535
877,115080,44846.129,6385,65535
878,115080,44631.117,5960,65535
879,115080,44893.453,5108,65535
880,115080,44731.914,4257,65535
881,115080,44651.484,5108,65535
882,115080,44860.270,2980,65535
883,115080,44587.176,3831,65535
884,115080,36421.184,7237,58750
885,115080,30424.164,0,61305
886,115080,30744.729,6385,63433
887,115080,30623.727,1277,53216
888,115080,30435.414,2980,62156
889,115080,30722.850,4257,55770
890,115080,30410.391,851,58325
891,115080,30672.650,6385,59176
892,115080,30425.223,2128,52364
893,115080,30634.314,3405,54493
894,115080,30681.459,5534,62582
895,115080,31695.510,7237,57473
896,115080,44965.707,7237,65535
897,115080,44349.562,3405,65535
898,115080,44768.078,3405,65535
899,115080,44508.270,6385,65535
900,115080,44657.285,0,65535
901,115080,44663.398,5108,65535
902,115080,44398.180,4683,65535
903,115080,44708.598,3405,65535
904,115080,44566.766,5960,65535
905,115080,44801.391,5534,65535
906,115080,44719.254,4683,65535
907,115080,36002.234,6811,59602
908,115080,30567.828,5534,54919
909,115080,30543.568,0,64285
910,115080,30695.629,6385,63008
911,115080,30522.832,5534,65535
912,115080,30699.529,2128,65535
913,115080,30458.283,3831,59602
914,115080,30405.668,3831,57047
915,115080,30703.572,4683,51513
916,115080,30427.541,6811,63859
917,115080,30590.154,7237,57047
918,115080,32169.592,3405,54919
919,115080,45119.559,0,65535
920,115080,44631.824,5534,65535
921,115080,44609.918,5960,65535
922,115080,44848.574,4683,65535
923,115080,44639.125,3831,65535
924,115080,44903.125,5534,65535
925,115080,44699.973,0,65535
926,115080,44810.594,6811,65535
927,115080,44660.781,6385,65535
928,115080,44557.262,5960,65535
929,115080,44845.520,5960,65535
930,115080,35521.871,5534,59176
931,115080,30590.547,7663,53642
932,115080,30514.738,6385,60028
933,115080,30691.953,1277,62582
934,115080,30698.674,5534,55770
935,115080,30491.955,3405,58750
936,115080,30729.377,6811,65535
937,115080,30345.355,6811,54493
938,115080,30652.391,425,52364
939,115080,30545.238,3405,64285
940,115080,30718.945,5534,65535
941,115080,32468.021,5534,60028
942,115080,44891.801,3405,65535
943,115080,44902.465,5108,65535
944,115080,44645.547,0,65535
945,115080,44806.305,6385,65535
946,115080,44661.688,3831,65535
947,115080,44806.570,0,65535
948,115080,44859.574,5534,65535
949,115080,44553.223,3405,65535
950,115080,44816.000,5108,65535
951,115080,44584.504,4257,65535
952,115080,44782.309,4683,65535
953,115080,35468.723,7663,60028
954,115080,30293.357,5108,51513
955,115080,30630.156,5960,60028
956,115080,30367.768,0,60028
957,115080,30649.064,3831,60028
958,115080,30380.434,425,59176
959,115080,30523.471,0,65535
960,115080,30433.838,6385,57047
961,115080,30338.676,3405,57899
962,115080,30577.324,5534,62582
963,115080,30317.988,2980,54493
964,115080,32783.215,6811,54493
965,115080,44922.664,5534,65535
966,115080,44719.914,4683,65535
967,115080,44612.176,0,65535
968,115080,44587.801,4257,65535
969,115080,44831.984,5960,65535
970,115080,44621.895,4683,65535
971,115080,44893.723,4683,65535
972,115080,44694.375,5534,65535
973,115080,44933.582,2980,65535
974,115080,44911.938,5108,65535
975,115080,44577.828,5534,65535
976,115080,35439.242,5960,64285
977,115080,30370.547,4683,65535
978,115080,30839.967,2128,58325
979,115080,30593.000,0,57899
980,115080,30686.695,5108,65535
981,115080,30749.434,6811,60879
982,115080,30394.641,0,54919
983,115080,30729.143,3831,61731
984,115080,30491.586,0,52790
985,115080,30547.545,4683,61305
986,115080,30404.023,5534,59176
987,115080,32813.422,0,63433
988,115080,44930.867,4257,65535
989,115080,44367.906,0,65535
990,115080,44678.152,6385,65535
991,115080,44511.305,5534,65535
992,115080,44809.234,4683,65535
993,115080,44600.273,6385,65535
994,115080,44530.105,4257,65535
995,115080,44823.949,4683,65535
996,115080,44503.758,5534,65535
997,115080,44873.883,5534,65535
998,115080,44655.477,2554,65535
999,115080,35178.531,4683,65535
1000,115080,30540.678,5534,56196
1001,115080,30520.395,0,54919
1002,115080,30826.242,3405,56196
1003,115080,30528.445,5108,59176
1004,115080,30714.129,5534,63008
1005,115080,30535.695,3831,63008
1006,115080,30606.199,4683,61731
1007,115080,30465.223,7237,60453
1008,115080,30336.367,4683,59602
1009,115080,30601.400,851,65535
1010,115080,32816.469,6385,54067
1011,115080,44960.816,6385,65535
1012,115080,44383.383,6385,65535
1013,115080,44601.871,6385,65535
1014,115080,44646.676,4683,65535
1015,115080,44331.219,5534,65535
1016,115080,44674.199,4257,65535
1017,115080,44363.125,1702,65535
1018,115080,44678.629,6385,65535
1019,115080,44525.281,5534,65535
1020,115080,44839.320,5108,65535
1021,115080,44889.551,4683,65535
1022,115080,34699.715,5960,56196
1023,115080,30641.020,5960,60879
1024,115080,30590.896,6385,54493
1025,115080,30719.307,0,60879
1026,115080,30620.225,6811,65535
1027,115080,30736.115,5108,65535
1028,115080,30750.295,2554,57473
1029,115080,30473.291,5960,59176
1030,115080,30745.543,425,56622
1031,115080,30521.748,5108,58325
1032,115080,30696.799,2980,54067
1033,115080,33334.336,6811,58325
1034,115080,44753.418,4683,65535
1035,115080,44714.156,4683,65535
1036,115080,44523.156,5960,65535
1037,115080,44783.926,3831,65535
1038,115080,44594.914,6385,65535
1039,115080,44829.801,5534,65535
1040,115080,44566.121,0,65535
1041,115080,44595.699,5108,65535
1042,115080,44816.535,5534,65535
1043,115080,44562.492,5108,65535
1044,115080,44771.023,2554,65535
1045,115080,34434.918,0,61731
1046,115080,30607.109,6811,61731
1047,115080,30485.557,5960,63859
1048,115080,30478.039,1702,65136
1049,115080,30737.998,1277,61305
1050,115080,30528.363,1277,62582
1051,115080,30780.385,5960,52364
1052,115080,30544.092,6385,60028
1053,115080,30722.764,5534,53642
1054,115080,30687.826,5534,54493
1055,115080,30413.471,6385,60028
1056,115080,33685.586,2980,65535
1057,115080,44850.246,5108,65535
1058,115080,44741.934,6385,65535
1059,115080,44635.184,0,65535
1060,115080,44738.516,6385,65535
1061,115080,44765.824,0,65535
1062,115080,44556.047,3405,65535
1063,115080,44826.930,5960,65535
1064,115080,44675.582,851,65535
1065,115080,44793.176,5108,65535
1066,115080,44632.859,0,65535
1067,115080,44874.664,0,65535
1068,115080,34428.102,6811,55345
1069,115080,30428.701,2554,53642
1070,115080,30737.707,851,55770
1071,115080,30456.893,0,51939
1072,115080,30588.738,7237,58750
1073,115080,30426.324,5108,57899
1074,115080,30331.197,0,51513
1075,115080,30531.889,4257,65535
1076,115080,30290.127,5108,54919
1077,115080,30635.932,5108,63859
1078,115080,30446.684,6811,58750
1079,115080,33821.613,6811,65535
1080,115080,44776.426,4683,65535
1081,115080,44581.867,6385,65535
1082,115080,44822.289,4683,65535
1083,115080,44505.645,5960,65535
1084,115080,44881.055,4683,65535
1085,115080,44676.926,5534,65535
1086,115080,44921.934,5960,65535
1087,115080,44718.977,5108,65535
1088,115080,44661.785,5108,65535
1089,115080,44962.332,4257,65535
1090,115080,44668.254,4683,65535
1091,115080,34334.223,5108,56622
1092,115080,30536.172,5108,53216
1093,115080,30823.986,4683,60879
1094,115080,30801.959,0,59176
1095,115080,30429.385,0,51087
1096,115080,30701.158,5960,58325
1097,115080,30448.994,1702,54919
1098,115080,30674.895,7237,60453
1099,115080,30374.932,6385,51087
1100,115080,30590.748,4683,54919
1101,115080,30619.209,3831,59176
1102,115080,33787.672,5960,60879
1103,115080,44974.340,6385,65535
1104,115080,44537.785,5108,65535
1105,115080,44766.484,5534,65535
1106,115080,44521.309,1702,65535
1107,115080,44719.055,4257,65535
1108,115080,44832.820,3831,65535
1109,115080,44601.203,5108,65535
1110,115080,44874.648,0,65535
1111,115080,44750.156,5960,65535
1112,115080,44839.816,5108,65535
1113,115080,44720.609,4683,65535
1114,115080,33777.012,7237,59176
1115,115080,30802.145,5960,54493
1116,115080,30544.227,4683,65535
1117,115080,30721.943,2980,56196
1118,115080,30591.145,5960,59602
1119,115080,30711.969,7237,60453
1120,115080,30483.111,4683,62582
1121,115080,30405.361,1277,54919
1122,115080,30703.410,7663,64285
1123,115080,30350.326,5108,58750
1124,115080,30630.461,5534,52790
1125,115080,34127.543,5108,56622
1126,115080,44979.543,3831,65535
1127,115080,44505.359,5960,65535
1128,115080,44393.793,4683,65535
1129,115080,44704.645,3405,65535
1130,115080,44434.980,5108,65535
1131,115080,44692.066,0,65535
1132,115080,44481.027,6385,65535
1133,115080,44692.793,4683,65535
1134,115080,44796.973,5534,65535
1135,115080,44590.988,4683,65535
1136,115080,44882.680,4257,65535
1137,115080,33524.273,0,61731
1138,115080,30706.066,5534,64285
1139,115080,30612.455,6811,59176
1140,115080,30776.754,0,54493
1141,115080,30828.264,4683,52364
1142,115080,30552.039,3831,62582
1143,115080,30725.270,6811,64711
1144,115080,30502.504,5108,62156
1145,115080,30707.365,6811,58325
1146,115080,30526.795,5534,57047
1147,115080,30737.510,0,65535
1148,115080,34620.484,6385,59176
1149,115080,44768.316,3831,65535
1150,115080,44875.820,5960,65535
1151,115080,44573.441,4683,65535
1152,115080,44783.090,2554,65535
1153,115080,44629.047,425,65535
1154,115080,44523.660,5534,65535
1155,115080,44808.320,2980,65535
1156,115080,44538.793,5960,65535
1157,115080,44771.281,5960,65535
1158,115080,44658.492,3405,65535
1159,115080,44798.375,5960,65535
1160,115080,33312.180,7237,59176
1161,115080,30408.324,2128,63433
1162,115080,30786.621,7237,56196
1163,115080,30405.791,5108,62156
1164,115080,30709.010,6385,52790
1165,115080,30511.877,1277,60879
1166,115080,30764.820,2980,62582
1167,115080,30496.695,0,52790
1168,115080,30411.850,4257,65535
1169,115080,30676.262,6385,54493
1170,115080,30411.938,2980,55770
1171,115080,34816.883,6811,65535
1172,115080,44878.922,4257,65535
1173,115080,44752.223,5108,65535
1174,115080,44804.000,4257,65535
1175,115080,44574.871,0,65535
1176,115080,44828.859,5534,65535
1177,115080,44599.953,5960,65535
1178,115080,44855.156,5108,65535
1179,115080,44662.910,4683,65535
1180,115080,44869.160,5534,65535
1181,115080,44820.867,4257,65535
1182,115080,44552.207,851,65535
1183,115080,33338.312,7237,60879
1184,115080,30522.912,0,57899
1185,115080,30732.170,6385,60453
1186,115080,30559.783,2980,52790
1187,115080,30675.217,7237,57899
1188,115080,30609.277,3831,54919
1189,115080,30358.455,7237,58325
1190,115080,30536.424,2554,52364
1191,115080,30422.264,5534,57473
1192,115080,30631.451,6385,57047
1193,115080,30425.885,6811,65535
1194,115080,34847.016,5960,63008
1195,115080,44984.512,4683,65535
1196,115080,44544.344,5960,65535
1197,115080,44877.238,0,65535
1198,115080,44658.340,6385,65535
1199,115080,44834.793,3831,65535
1200,115080,44730.969,4683,65535
