 ,Area(zone a),Mean(zone a),Min(zone a),Max(zone a),Area(zone b),Mean(zone b),Min(zone b),Max(zone b)
1,263520,62428.816,0,65535,247599,62334.398,0,65535
2,263520,44210.297,0,65535,247599,23391.822,0,65535
3,263520,43939.367,5534,65535,247599,23177.750,0,65535
4,263520,44126.867,0,65535,247599,23343.965,0,65535
5,263520,43967.457,1277,65535,247599,23197.920,0,65535
6,263520,44252.727,0,65535,247599,23451.270,0,65535
7,263520,43991.188,5960,65535,247599,23206.367,0,65535
8,263520,43934.781,3831,65535,247599,23172.271,0,65535
9,263520,44277.090,0,65535,247599,23452.891,0,65535
10,263520,43944.586,3831,65535,247599,23193.326,0,65535
11,263520,15122.059,0,63859,247599,31222.020,1277,63859
12,263520,15624.594,0,56196,247599,30874.760,2128,62156
13,263520,15769.104,0,61305,247599,31057.598,5534,61305
14,263520,15771.557,0,57047,247599,31033.793,4683,57047
15,263520,15514.883,0,60453,247599,30787.234,425,60453
16,263520,15725.247,0,57899,247599,30976.209,5960,58750
17,263520,15424.148,0,53642,247599,30668.809,5534,65535
18,263520,15746.299,0,57899,247599,31032.549,2980,57899
19,263520,15551.429,0,56622,247599,30807.895,3831,56622
20,263520,15724.603,0,61305,247599,31004.207,5960,61305
21,263520,15762.181,0,59602,247599,30991.922,5960,59602
22,263520,29977.705,0,65535,247599,26454.426,0,65535
23,263520,44474.805,4683,65535,247599,23239.365,0,65535
24,263520,43965.387,5108,65535,247599,23184.789,0,65535
25,263520,44221.434,1702,65535,247599,23389.232,0,65535
26,263520,44038.734,5960,65535,247599,23239.127,0,65535
27,263520,44263.609,4257,65535,247599,23420.238,0,65535
28,263520,44241.020,0,65535,247599,23372.762,0,65535
29,263520,43875.762,5108,65535,247599,23081.645,0,65535
30,263520,44243.996,5960,65535,247599,23373.012,0,65535
31,263520,44053.234,4257,65535,247599,23235.623,0,65535
32,263520,44207.309,5960,65535,247599,23370.391,0,65535
33,263520,43594.965,851,65535,247599,23266.318,0,65535
34,263520,14946.503,0,58750,247599,30988.656,3831,58750
35,263520,15801.454,0,55345,247599,31027.943,2128,55345
36,263520,15492.891,0,54919,247599,30734.863,0,65136
37,263520,15747.039,0,54919,247599,30968.490,2980,54919
38,263520,15503.745,0,65136,247599,30713.006,0,65136
39,263520,15681.277,0,57473,247599,30901.398,6385,57473
40,263520,15524.960,0,65535,247599,30721.801,1702,65535
41,263520,15396.180,0,51513,247599,30577.205,0,63859
42,263520,15697.264,0,53216,247599,30887.705,5534,54493
43,263520,15482.139,0,63433,247599,30688.553,4683,65535
44,263520,15749.945,0,60879,247599,31000.812,5534,60879
45,263520,30624.844,1702,65535,247599,26484.520,0,65535
46,263520,44458.898,0,65535,247599,23270.557,0,65535
47,263520,43980.781,5960,65535,247599,23178.404,0,65535
48,263520,43855.090,4683,65535,247599,23047.500,0,65535
49,263520,44244.984,2128,65535,247599,23362.172,0,65535
50,263520,43987.676,5534,65535,247599,23152.443,0,65535
51,263520,44279.945,0,65535,247599,23411.168,0,65535
52,263520,44121.219,2128,65535,247599,23252.031,0,65535
53,263520,44259.070,4257,65535,247599,23378.207,0,65535
54,263520,44288.645,4683,65535,247599,23358.387,0,65535
55,263520,44137.422,5108,65535,247599,23267.756,0,65535
56,263520,43467.250,5960,65535,247599,23583.717,0,65535
57,263520,14992.875,0,60453,247599,31065.324,4257,63008
58,263520,15822.487,0,61731,247599,31130.363,6811,61731
59,263520,15616.081,0,62156,247599,30898.412,851,62156
60,263520,15832.367,0,55770,247599,31142.061,4683,55770
61,263520,15739.231,0,63859,247599,30973.180,6385,63859
62,263520,15536.943,0,58750,247599,30789.488,2128,58750
63,263520,15754.688,0,60028,247599,30970.535,1702,60028
64,263520,15591.634,0,55345,247599,30818.680,4257,65535
65,263520,15722.568,0,57473,247599,30957.006,4683,60879
66,263520,15600.995,0,60028,247599,30812.234,4257,60028
67,263520,15715.185,0,59176,247599,30914.441,6385,59176
68,263520,31125.092,0,65535,247599,26381.789,0,65535
69,263520,44173.043,4257,65535,247599,23076.957,0,65535
70,263520,44101.848,5960,65535,247599,23303.160,0,65535
71,263520,43884.836,0,65535,247599,23100.684,0,65535
72,263520,44191.066,5108,65535,247599,23381.039,0,65535
73,263520,44028.598,3831,65535,247599,23216.826,0,65535
74,263520,43998.219,0,65535,247599,23175.490,0,65535
75,263520,44306.805,6385,65535,247599,23418.031,0,65535
76,263520,43940.250,0,65535,247599,23109.457,0,65535
77,263520,44317.590,6385,65535,247599,23398.018,0,65535
78,263520,44085.113,3831,65535,247599,23225.805,0,65535
79,263520,43072.695,2980,65535,247599,23806.293,0,65535
80,263520,15067.372,0,60879,247599,31152.258,3405,62582
81,263520,15608.932,0,55345,247599,30895.600,5108,55345
82,263520,15855.646,0,61731,247599,31142.898,5108,61731
83,263520,15572.289,0,58750,247599,30867.102,4683,63433
84,263520,15743.803,0,61305,247599,31039.064,6385,61305
85,263520,15578.889,0,54067,247599,30846.066,0,54067
86,263520,15726.119,0,58750,247599,30996.496,3831,58750
87,263520,15495.630,0,59602,247599,30722.826,3831,59602
88,263520,15466.431,0,56622,247599,30690.547,4257,63008
89,263520,15761.032,0,61731,247599,30950.795,3831,65535
90,263520,15470.505,0,58325,247599,30691.271,3831,58325
91,263520,31676.250,1702,65535,247599,26388.238,0,65535
92,263520,44200.727,4257,65535,247599,23109.965,0,65535
93,263520,44023.465,4257,65535,247599,23288.141,0,65535
94,263520,44019.641,3831,65535,247599,23221.578,0,65535
95,263520,43702.461,3405,65535,247599,22998.477,0,65535
96,263520,44056.387,5108,65535,247599,23265.506,0,65535
97,263520,43848.113,4683,65535,247599,23121.508,0,65535
98,263520,44084.895,2980,65535,247599,23317.590,0,65535
99,263520,43954.230,6811,65535,247599,23180.611,0,65535
100,263520,44179.512,3831,65535,247599,23374.578,0,65535
101,263520,44265.660,5108,65535,247599,23394.477,0,65535
102,263520,42164.820,5534,65535,247599,23528.678,0,65535
103,263520,15222.139,0,54919,247599,31278.707,2128,63433
104,263520,15635.436,0,52364,247599,30936.062,5108,54067
105,263520,15718.979,0,58750,247599,31036.025,0,58750
106,263520,15525.066,0,59602,247599,30815.732,3831,65535
107,263520,15791.229,0,55770,247599,31107.365,2128,55770
108,263520,15768.152,0,61731,247599,31025.771,1277,61731
109,263520,15491.742,0,59176,247599,30769.855,5534,64711
110,263520,15772.838,0,56622,247599,31036.584,1702,56622
111,263520,15503.767,0,58750,247599,30755.146,0,58750
112,263520,15718.820,0,54919,247599,30999.543,2980,54919
113,263520,15530.589,0,58325,247599,30777.658,0,58325
114,263520,31928.854,0,65535,247599,26066.066,0,65535
115,263520,44509.422,5108,65535,247599,23316.729,0,65535
116,263520,43915.301,4257,65535,247599,23146.850,0,65535
117,263520,44209.719,4683,65535,247599,23366.984,0,65535
118,263520,44030.004,5534,65535,247599,23234.551,0,65535
119,263520,44239.227,4683,65535,247599,23424.410,0,65535
120,263520,44019.047,5960,65535,247599,23224.949,0,65535
121,263520,43879.566,5534,65535,247599,23111.973,0,65535
122,263520,44189.000,4257,65535,247599,23341.301,0,65535
123,263520,43856.934,2554,65535,247599,23079.920,0,65535
124,263520,44168.684,0,65535,247599,23369.436,0,65535
125,263520,41756.727,851,65535,247599,23729.939,0,65535
126,263520,15173.498,0,61731,247599,31210.598,851,61731
127,263520,15624.543,0,60028,247599,30869.043,0,61305
128,263520,15408.982,0,51087,247599,30658.852,851,65535
129,263520,15789.245,0,55770,247599,31048.305,0,59176
130,263520,15476.477,0,61305,247599,30737.174,5534,61305
131,263520,15745.954,0,52790,247599,31026.957,3831,54493
132,263520,15550.430,0,54919,247599,30808.908,1277,61731
133,263520,15711.861,0,61731,247599,30985.117,5108,65535
134,263520,15804.963,0,63008,247599,31063.371,5534,63008
135,263520,15500.643,0,62582,247599,30747.996,5960,65535
136,263520,15793.236,0,61731,247599,31029.068,6811,63008
137,263520,32360.492,0,64711,247599,25890.873,0,64711
138,263520,44487.277,5960,65535,247599,23350.820,0,65535
139,263520,44023.496,5534,65535,247599,23214.086,0,65535
140,263520,44180.605,0,65535,247599,23356.473,0,65535
141,263520,44268.074,5534,65535,247599,23390.195,0,65535
142,263520,43950.555,3405,65535,247599,23159.838,0,65535
143,263520,44201.625,4257,65535,247599,23334.553,0,65535
144,263520,43997.375,0,65535,247599,23189.318,0,65535
145,263520,44217.016,5108,65535,247599,23384.340,0,65535
146,263520,44032.066,5534,65535,247599,23211.611,0,65535
147,263520,44198.656,5534,65535,247599,23358.154,0,65535
148,263520,41497.031,425,65535,247599,23980.439,0,65535
149,263520,15038.085,0,63433,247599,31031.793,2128,64711
150,263520,15798.624,0,57473,247599,31020.672,851,57473
151,263520,15540.942,0,60879,247599,30776.107,0,60879
152,263520,15680.615,0,57473,247599,30927.762,2980,63008
153,263520,15473.640,0,60453,247599,30683.092,7237,60453
154,263520,15410.634,0,56196,247599,30600.557,6811,65535
155,263520,15661.062,0,63008,247599,30846.611,4257,65136
156,263520,15430.002,0,51513,247599,30615.215,2980,60453
157,263520,15696.951,0,60453,247599,30882.863,5960,60453
158,263520,15440.236,0,61305,247599,30644.439,5534,63859
159,263520,15676.094,0,59176,247599,30907.434,1702,59176
160,263520,32888.730,1277,65535,247599,25806.648,0,65535
161,263520,44058.062,3831,65535,247599,22974.861,0,65535
162,263520,44180.188,5960,65535,247599,23320.951,0,65535
163,263520,43871.094,0,65535,247599,23060.436,0,65535
164,263520,44253.961,4257,65535,247599,23389.605,0,65535
165,263520,44060.207,5108,65535,247599,23210.059,0,65535
166,263520,44218.660,2980,65535,247599,23352.312,0,65535
167,263520,44072.371,3831,65535,247599,23207.832,0,65535
168,263520,43968.703,5108,65535,247599,23127.551,0,65535
169,263520,44258.145,4257,65535,247599,23326.697,0,65535
170,263520,43985.676,4257,65535,247599,23127.416,0,65535
171,263520,41085.602,0,65535,247599,24149.133,0,65535
172,263520,15087.109,0,61731,247599,31111.803,0,65535
173,263520,15731.019,0,56196,247599,31010.533,3831,56196
174,263520,15730.495,0,57899,247599,31001.717,2128,65535
175,263520,15543.487,0,57047,247599,30819.924,3405,57047
176,263520,15787.650,0,52790,247599,31037.141,1702,52790
177,263520,15522.333,0,63859,247599,30762.889,4257,65535
178,263520,15713.994,0,51087,247599,30974.607,4257,55770
179,263520,15494.457,0,60453,247599,30719.836,0,60453
180,263520,15651.546,0,57899,247599,30875.531,4683,57899
181,263520,15727.782,0,62582,247599,30913.617,5534,63433
182,263520,15398.224,0,52364,247599,30567.912,6385,52364
183,263520,33475.191,2128,62582,247599,25784.695,0,62156
184,263520,44106.473,0,65535,247599,23070.686,0,65535
185,263520,44022.578,5960,65535,247599,23270.209,0,65535
186,263520,43964.641,425,65535,247599,23176.199,0,65535
187,263520,44094.875,4257,65535,247599,23281.227,0,65535
188,263520,44160.543,5108,65535,247599,23296.432,0,65535
189,263520,43920.211,4257,65535,247599,23115.941,0,65535
190,263520,44243.027,5960,65535,247599,23350.658,0,65535
191,263520,44063.355,5534,65535,247599,23210.953,0,65535
192,263520,44226.465,0,65535,247599,23362.197,0,65535
193,263520,44046.422,4683,65535,247599,23194.197,0,65535
194,263520,40365.070,0,65535,247599,24051.084,0,65535
195,263520,15333.023,0,56622,247599,31356.459,2554,64285
196,263520,15519.411,0,62582,247599,30798.643,5534,65535
197,263520,15754.638,0,59176,247599,31048.461,1277,59176
198,263520,15543.133,0,65535,247599,30836.867,1277,65535
199,263520,15711.613,0,59602,247599,31003.500,5960,65535
200,263520,15546.559,0,64711,247599,30805.076,2128,64711
201,263520,15424.229,0,55345,247599,30657.922,2980,56196
202,263520,15686.156,0,54067,247599,30917.922,3405,54067
203,263520,15396.030,0,57899,247599,30611.977,5108,65535
204,263520,15642.139,0,56622,247599,30879.498,5108,56622
205,263520,15561.331,0,55345,247599,30777.504,3831,58750
206,263520,33858.430,2128,65535,247599,25633.672,0,65535
207,263520,44020.121,3405,65535,247599,23034.383,0,65535
208,263520,43718.074,0,65535,247599,23041.432,0,65535
209,263520,44001.742,4257,65535,247599,23229.393,0,65535
210,263520,43702.328,2980,65535,247599,23008.916,0,65535
211,263520,43971.688,3831,65535,247599,23244.008,0,65535
212,263520,43845.746,0,65535,247599,23135.842,0,65535
213,263520,44021.168,5534,65535,247599,23284.424,0,65535
214,263520,44107.445,6385,65535,247599,23308.201,0,65535
215,263520,43860.637,4257,65535,247599,23112.025,0,65535
216,263520,44229.930,5534,65535,247599,23390.496,0,65535
217,263520,39806.324,4683,65535,247599,24126.377,0,65535
218,263520,15232.240,0,59602,247599,31269.326,4257,59602
219,263520,15592.699,0,61731,247599,30899.299,1702,61731
220,263520,15728.749,0,53216,247599,31062.709,2128,54067
221,263520,15755.761,0,63008,247599,31044.703,1277,63008
222,263520,15496.568,0,62582,247599,30800.811,5960,62582
223,263520,15725.621,0,54493,247599,31005.117,3831,58750
224,263520,15554.177,0,62582,247599,30853.873,0,62582
225,263520,15720.068,0,58750,247599,31031.982,6811,65136
226,263520,15522.236,0,58750,247599,30808.084,4257,59602
227,263520,15716.452,0,53642,247599,31012.584,0,65535
228,263520,15747.154,0,63859,247599,31003.877,5534,63859
229,263520,34170.348,2554,65535,247599,25378.445,0,64285
230,263520,44423.855,2554,65535,247599,23358.369,0,65535
231,263520,43959.992,4257,65535,247599,23222.217,0,65535
232,263520,44122.047,1277,65535,247599,23364.924,0,65535
233,263520,43961.062,5108,65535,247599,23225.920,0,65535
234,263520,43922.074,1702,65535,247599,23198.750,0,65535
235,263520,44136.852,5108,65535,247599,23347.947,0,65535
236,263520,43908.516,2554,65535,247599,23184.150,0,65535
237,263520,44145.141,6811,65535,247599,23357.633,0,65535
238,263520,43912.672,5534,65535,247599,23192.102,0,65535
239,263520,44094.945,3405,65535,247599,23361.955,0,65535
240,263520,39341.223,2980,65535,247599,24303.848,0,65535
241,263520,14970.210,0,62582,247599,30937.516,1277,62582
242,263520,15732.018,0,57899,247599,30994.176,6811,59602
243,263520,15466.760,0,60028,247599,30759.781,425,61305
244,263520,15696.807,0,55345,247599,31023.410,5108,63008
245,263520,15531.225,0,60879,247599,30829.012,5108,63433
246,263520,15705.489,0,54919,247599,31021.865,0,54919
247,263520,15569.354,0,62156,247599,30872.184,2128,62156
248,263520,15392.697,0,62156,247599,30683.896,4683,62156
249,263520,15728.144,0,59602,247599,31022.945,2554,59602
250,263520,15458.702,0,58750,247599,30762.650,0,58750
251,263520,15719.272,0,54919,247599,31019.742,6811,54919
252,263520,34815.184,2128,65535,247599,25454.510,0,65535
253,263520,44409.652,6811,65535,247599,23428.145,0,65535
254,263520,44188.109,4257,65535,247599,23413.197,0,65535
255,263520,43931.973,4683,65535,247599,23227.611,0,65535
256,263520,44219.145,0,65535,247599,23443.553,0,65535
257,263520,43904.566,5108,65535,247599,23207.359,0,65535
258,263520,44202.418,0,65535,247599,23464.174,0,65535
259,263520,44037.309,1702,65535,247599,23321.719,0,65535
260,263520,44143.430,3831,65535,247599,23409.379,0,65535
261,263520,44186.043,0,65535,247599,23429.279,0,65535
262,263520,43962.766,0,65535,247599,23258.828,0,65535
263,263520,39241.141,1277,65535,247599,24769.586,0,65535
264,263520,15057.637,0,61305,247599,31055.469,4683,61305
265,263520,15745.131,0,57899,247599,31057.859,1702,61731
266,263520,15558.614,0,65535,247599,30864.850,0,65535
267,263520,15606.970,0,60028,247599,30902.568,5108,64285
268,263520,15596.877,0,58325,247599,30834.795,0,61731
269,263520,15383.995,0,56622,247599,30627.547,3831,56622
270,263520,15593.295,0,61731,247599,30818.465,2128,61731
271,263520,15452.580,0,57899,247599,30703.137,2554,65535
272,263520,15609.597,0,60028,247599,30881.479,4683,65535
273,263520,15497.137,0,62156,247599,30758.301,1277,62156
274,263520,15324.681,0,54493,247599,30580.807,0,65535
275,263520,35420.012,2554,65535,247599,25430.141,0,65535
276,263520,43996.625,5534,65535,247599,23086.283,0,65535
277,263520,44148.723,3405,65535,247599,23413.826,0,65535
278,263520,44040.547,5534,65535,247599,23328.174,0,65535
279,263520,44247.922,6385,65535,247599,23505.068,0,65535
280,263520,44133.453,1277,65535,247599,23391.807,0,65535
281,263520,43954.465,0,65535,247599,23231.824,0,65535
282,263520,44321.441,3831,65535,247599,23517.400,0,65535
283,263520,43986.293,2980,65535,247599,23259.818,0,65535
284,263520,44279.938,1277,65535,247599,23502.639,0,65535
285,263520,44069.234,5108,65535,247599,23317.686,0,65535
286,263520,38731.418,4257,65535,247599,24859.701,0,65535
287,263520,15192.430,0,61731,247599,31227.512,5960,61731
288,263520,15543.055,0,61731,247599,30887.877,5108,61731
289,263520,15722.747,0,59176,247599,31051.326,1277,62156
290,263520,15461.283,0,54493,247599,30784.572,0,54493
291,263520,15704.872,0,60453,247599,31034.906,5960,65136
292,263520,15536.666,0,63859,247599,30843.350,4683,63859
293,263520,15649.967,0,54067,247599,30948.990,3405,54067
294,263520,15638.419,0,59176,247599,30892.639,3405,65535
295,263520,15421.564,0,60453,247599,30678.836,3405,60453
296,263520,15699.954,0,55770,247599,30937.104,2980,55770
297,263520,15426.601,0,53216,247599,30651.086,5960,53216
298,263520,35790.695,2554,65535,247599,25283.455,0,65535
299,263520,44025.922,4683,65535,247599,23151.211,0,65535
300,263520,44008.344,5108,65535,247599,23347.129,0,65535
301,263520,44079.094,4257,65535,247599,23335.027,0,65535
302,263520,43859.457,0,65535,247599,23171.096,0,65535
303,263520,44167.000,6811,65535,247599,23394.908,0,65535
304,263520,44012.273,5960,65535,247599,23273.895,0,65535
305,263520,44227.066,4683,65535,247599,23447.301,0,65535
306,263520,44068.641,5108,65535,247599,23298.619,0,65535
307,263520,44224.301,0,65535,247599,23424.186,0,65535
308,263520,44314.855,3831,65535,247599,23475.895,0,65535
309,263520,38019.859,2554,65535,247599,24719.865,0,65535
310,263520,15362.521,0,59176,247599,31356.412,5108,59176
311,263520,15611.319,0,54919,247599,30956.945,2554,58325
312,263520,15700.376,0,61731,247599,31053.795,5108,63859
313,263520,15578.162,0,58325,247599,30901.314,2980,58750
314,263520,15392.219,0,61305,247599,30692.287,4257,61305
315,263520,15751.823,0,56196,247599,31038.332,6811,59602
316,263520,15517.079,0,56622,247599,30808.010,5534,56622
317,263520,15666.837,0,52364,247599,30911.590,6385,65535
318,263520,15472.535,0,59602,247599,30729.279,2554,59602
319,263520,15699.656,0,54067,247599,30966.346,5960,54067
320,263520,15480.979,0,60028,247599,30717.781,6385,65535
321,263520,36020.230,1702,65535,247599,24880.287,0,65535
322,263520,44305.832,5960,65535,247599,23344.453,0,65535
323,263520,43781.902,4683,65535,247599,23118.955,0,65535
324,263520,44070.207,0,65535,247599,23376.527,0,65535
325,263520,43812.074,5108,65535,247599,23128.152,0,65535
326,263520,44075.266,4683,65535,247599,23364.074,0,65535
327,263520,43845.828,0,65535,247599,23148.885,0,65535
328,263520,43858.262,4683,65535,247599,23156.789,0,65535
329,263520,44134.598,5108,65535,247599,23357.074,0,65535
330,263520,43932.941,2554,65535,247599,23192.020,0,65535
331,263520,44185.441,2554,65535,247599,23400.346,0,65535
332,263520,37539.949,2554,65535,247599,24806.629,0,65535
333,263520,15277.989,0,60879,247599,31243.338,5534,60879
334,263520,15801.623,0,62582,247599,31093.027,5108,62582
335,263520,15540.013,0,65535,247599,30864.262,3405,65535
336,263520,15788.842,0,63433,247599,31091.096,6811,63433
337,263520,15489.278,0,52790,247599,30782.143,3405,65535
338,263520,15726.833,0,58325,247599,31044.527,2554,58325
339,263520,15557.436,0,60453,247599,30851.371,3405,60453
340,263520,15704.091,0,65535,247599,31004.135,3831,65535
341,263520,15751.258,0,52790,247599,31019.602,2554,52790
342,263520,15502.661,0,57899,247599,30775.996,5960,63859
343,263520,15747.084,0,56196,247599,30990.453,7663,65535
344,263520,36736.824,2980,65535,247599,24943.451,0,65535
345,263520,44269.184,3831,65535,247599,23296.615,0,65535
346,263520,43978.430,4257,65535,247599,23216.844,0,65535
347,263520,44215.496,4683,65535,247599,23418.166,0,65535
348,263520,44201.141,5960,65535,247599,23364.279,0,65535
349,263520,43879.934,4683,65535,247599,23115.223,0,65535
350,263520,44186.906,2128,65535,247599,23354.576,0,65535
351,263520,44008.375,5108,65535,247599,23236.930,0,65535
352,263520,44180.609,5108,65535,247599,23382.215,0,65535
353,263520,43947.012,0,65535,247599,23171.180,0,65535
354,263520,43861.480,6385,65535,247599,23115.971,0,65535
355,263520,37300.977,0,65535,247599,25127.301,0,65535
356,263520,15017.432,0,51939,247599,30890.504,4683,53642
357,263520,15820.038,0,54919,247599,31062.400,6811,65535
358,263520,15567.078,0,52364,247599,30834.109,0,52364
359,263520,15711.007,0,56622,247599,31002.941,2554,56622
360,263520,15556.747,0,60453,247599,30827.293,7237,60453
361,263520,15520.132,0,53216,247599,30794.289,4683,54919
362,263520,15747.394,0,60879,247599,31003.627,6811,60879
363,263520,15526.672,0,54919,247599,30796.393,4683,59176
364,263520,15765.485,0,61305,247599,31059.324,2554,65535
365,263520,15549.973,0,59602,247599,30819.715,4257,59602
366,263520,15780.625,0,57899,247599,31063.268,5534,63008
367,263520,37237.754,3405,65535,247599,24840.756,0,65535
368,263520,44049.645,4683,65535,247599,23104.961,0,65535
369,263520,44128.312,5108,65535,247599,23309.682,0,65535
370,263520,43917.566,2554,65535,247599,23155.898,0,65535
371,263520,44175.871,2980,65535,247599,23366.568,0,65535
372,263520,43963.098,5534,65535,247599,23181.830,0,65535
373,263520,44221.301,4257,65535,247599,23418.723,0,65535
374,263520,44143.215,5534,65535,247599,23303.436,0,65535
375,263520,43922.418,5534,65535,247599,23147.254,0,65535
376,263520,44215.359,5534,65535,247599,23379.854,0,65535
377,263520,43899.797,4257,65535,247599,23139.938,0,65535
378,263520,36770.066,0,65535,247599,25228.557,0,65535
379,263520,15208.070,0,60879,247599,31103.893,4257,60879
380,263520,15707.844,0,60453,247599,30981.312,5960,60453
381,263520,15728.473,0,60879,247599,30953.148,4683,65535
382,263520,15438.766,0,55770,247599,30674.049,0,63859
383,263520,15682.954,0,60453,247599,30880.885,5960,60453
384,263520,15498.248,0,58750,247599,30718.895,3405,60028
385,263520,15691.346,0,54493,247599,30921.041,3405,54493
386,263520,15443.972,0,65535,247599,30649.428,0,65535
387,263520,15742.979,0,57899,247599,30988.367,4683,57899
388,263520,15709.565,0,62582,247599,30915.736,5960,62582
389,263520,15415.394,0,64285,247599,30639.756,1277,64285
390,263520,37859.734,1277,65535,247599,24856.045,0,65535
391,263520,44146.359,0,65535,247599,23213.697,0,65535
392,263520,44194.340,5108,65535,247599,23408.768,0,65535
393,263520,43958.020,5108,65535,247599,23181.805,0,65535
394,263520,43877.473,0,65535,247599,23119.338,0,65535
395,263520,44306.219,4683,65535,247599,23449.535,0,65535
396,263520,43914.223,5960,65535,247599,23142.449,0,65535
397,263520,44276.895,1702,65535,247599,23406.754,0,65535
398,263520,44087.676,0,65535,247599,23278.234,0,65535
399,263520,44280.598,4683,65535,247599,23451.738,0,65535
400,263520,44094.809,5108,65535,247599,23285.895,0,65535
401,263520,36104.910,3405,65535,247599,25158.137,0,65535
402,263520,15329.846,0,59602,247599,31248.043,5534,59602
403,263520,15477.196,0,57899,247599,30781.559,2980,57899
404,263520,15757.681,0,63859,247599,31098.283,425,63859
405,263520,15567.551,0,53216,247599,30875.125,4257,63433
406,263520,15714.473,0,54067,247599,31019.305,3405,54067
407,263520,15506.651,0,61305,247599,30775.711,2554,61305
408,263520,15482.092,0,62582,247599,30747.328,0,63433
409,263520,15702.725,0,52364,247599,30942.738,0,54067
410,263520,15402.916,0,58750,247599,30638.650,5960,65535
411,263520,15581.077,0,65535,247599,30829.141,5108,65535
412,263520,15540.064,0,64711,247599,30773.496,5534,64711
413,263520,38220.129,4257,65535,247599,24719.346,0,65535
414,263520,44140.430,5534,65535,247599,23260.227,0,65535
415,263520,43812.445,0,65535,247599,23141.035,0,65535
416,263520,44101.887,6385,65535,247599,23343.787,0,65535
417,263520,43871.531,5108,65535,247599,23161.330,0,65535
418,263520,44179.793,5108,65535,247599,23430.637,0,65535
419,263520,44064.547,5534,65535,247599,23311.861,0,65535
420,263520,44217.535,4683,65535,247599,23429.838,0,65535
421,263520,44281.688,5108,65535,247599,23446.068,0,65535
422,263520,43998.105,4683,65535,247599,23236.201,0,65535
423,263520,44311.555,5108,65535,247599,23471.793,0,65535
424,263520,35681.082,2128,65535,247599,25353.412,0,65535
425,263520,15345.684,0,60879,247599,31302.121,5960,65535
426,263520,15562.669,0,60879,247599,30889.254,3831,60879
427,263520,15798.830,0,63433,247599,31158.105,5534,63433
428,263520,15717.468,0,58750,247599,31026.883,0,65535
429,263520,15433.530,0,51939,247599,30720.518,4683,56622
430,263520,15755.598,0,62582,247599,31042.793,2980,62582
431,263520,15493.646,0,55345,247599,30785.490,5960,64711
432,263520,15665.317,0,54493,247599,30955.609,4257,54493
433,263520,15501.104,0,59176,247599,30755.982,6811,65136
434,263520,15407.606,0,51939,247599,30650.752,0,51939
435,263520,15633.021,0,60453,247599,30852.523,2128,62156
436,263520,38471.883,1277,65535,247599,24402.814,0,65535
437,263520,44157.691,3405,65535,247599,23300.051,0,65535
438,263520,43848.988,4683,65535,247599,23189.332,0,65535
439,263520,43990.805,4257,65535,247599,23315.381,0,65535
440,263520,43881.641,5108,65535,247599,23220.607,0,65535
441,263520,43815.941,4257,65535,247599,23151.279,0,65535
442,263520,44057.121,2980,65535,247599,23333.588,0,65535
443,263520,43786.199,5960,65535,247599,23129.477,0,65535
444,263520,44142.969,5108,65535,247599,23420.127,0,65535
445,263520,43929.816,3405,65535,247599,23211.941,0,65535
446,263520,44179.598,4683,65535,247599,23416.201,0,65535
447,263520,35250.535,3405,64285,247599,25533.330,0,64285
448,263520,15100.089,0,51939,247599,30998.396,2980,63433
449,263520,15764.588,0,52790,247599,31068.699,2128,63433
450,263520,15512.619,0,61305,247599,30844.051,0,61731
451,263520,15689.010,0,61305,247599,31040.605,4683,61305
452,263520,15514.094,0,63433,247599,30830.232,425,65535
453,263520,15692.953,0,55770,247599,31021.814,851,55770
454,263520,15746.478,0,61731,247599,31044.631,0,65535
455,263520,15457.562,0,52790,247599,30753.871,4257,57047
456,263520,15744.567,0,51939,247599,31015.980,6811,51939
457,263520,15440.331,0,64285,247599,30715.010,2554,64285
458,263520,15717.752,0,56196,247599,31010.604,4257,65535
459,263520,39132.977,4257,65535,247599,24426.707,0,65535
460,263520,44245.492,5534,65535,247599,23350.072,0,65535
461,263520,44184.410,4683,65535,247599,23388.322,0,65535
462,263520,43897.641,4683,65535,247599,23171.350,0,65535
463,263520,44184.590,0,65535,247599,23385.986,0,65535
464,263520,43974.648,4683,65535,247599,23225.643,0,65535
465,263520,44224.266,5108,65535,247599,23468.826,0,65535
466,263520,44026.766,4683,65535,247599,23274.377,0,65535
467,263520,44194.086,5108,65535,247599,23431.227,0,65535
468,263520,44220.887,4257,65535,247599,23410.381,0,65535
469,263520,43851.566,3831,65535,247599,23130.613,0,65535
470,263520,34870.438,851,65535,247599,25700.994,0,65535
471,263520,15104.832,0,63008,247599,30936.674,2980,63008
472,263520,15671.854,0,60879,247599,30951.992,4683,61731
473,263520,15500.926,0,57473,247599,30781.334,0,64711
474,263520,15441.843,0,65136,247599,30707.502,851,65136
475,263520,15739.226,0,53642,247599,31015.711,4257,54493
476,263520,15417.547,0,63433,247599,30681.188,0,65136
477,263520,15746.386,0,63433,247599,31012.334,5534,63433
478,263520,15533.595,0,51939,247599,30809.564,2554,53216
479,263520,15669.126,0,58325,247599,30960.717,3405,58325
480,263520,15513.553,0,58750,247599,30784.826,5960,64711
481,263520,15486.971,0,55345,247599,30743.775,3831,61305
482,263520,39684.723,4683,65535,247599,24313.812,0,65535
483,263520,43939.582,0,65535,247599,23068.152,0,65535
484,263520,44179.371,5108,65535,247599,23392.293,0,65535
485,263520,44019.301,5108,65535,247599,23236.996,0,65535
486,263520,44165.871,1702,65535,247599,23365.904,0,65535
487,263520,44017.957,4683,65535,247599,23236.396,0,65535
488,263520,43962.863,4257,65535,247599,23187.676,0,65535
489,263520,44306.883,5534,65535,247599,23456.461,0,65535
490,263520,43897.535,5534,65535,247599,23133.164,0,65535
491,263520,44248.895,5534,65535,247599,23440.848,0,65535
492,263520,43991.703,2554,65535,247599,23215.102,0,65535
493,263520,34369.242,851,65535,247599,25803.096,0,65535
494,263520,15389.119,0,52364,247599,31195.322,2554,64285
495,263520,15570.008,0,58750,247599,30824.949,2128,63008
496,263520,15771.806,0,59176,247599,31018.471,7237,63859
497,263520,15496.286,0,50662,247599,30729.021,6385,59176
498,263520,15668.607,0,55770,247599,30911.723,3831,57047
499,263520,15497.720,0,62156,247599,30700.449,0,63859
500,263520,15654.376,0,63859,247599,30878.223,4257,63859
501,263520,15764.590,0,65535,247599,30962.625,6811,65535
502,263520,15465.866,0,65535,247599,30676.604,3405,65535
503,263520,15737.188,0,61731,247599,30933.621,7237,61731
504,263520,15464.919,0,59176,247599,30682.453,3831,59176
505,263520,40236.633,3405,65535,247599,24306.207,0,65535
506,263520,44099.980,5960,65535,247599,23226.537,0,65535
507,263520,44204.277,5534,65535,247599,23388.340,0,65535
508,263520,44232.008,5534,65535,247599,23381.900,0,65535
509,263520,44016.934,4683,65535,247599,23207.506,0,65535
510,263520,44257.539,5534,65535,247599,23385.035,0,65535
511,263520,44153.387,5534,65535,247599,23303.283,0,65535
512,263520,44236.441,0,65535,247599,23389.156,0,65535
513,263520,44151.461,3405,65535,247599,23302.902,0,65535
514,263520,44037.410,5534,65535,247599,23206.191,0,65535
515,263520,44311.672,5960,65535,247599,23411.779,0,65535
516,263520,33727.516,2554,65136,247599,25732.047,0,65136
517,263520,15463.220,0,64711,247599,31310.721,3831,64711
518,263520,15662.651,0,57047,247599,30981.023,4257,63859
519,263520,15800.587,0,59176,247599,31120.021,0,60028
520,263520,15548.608,0,65535,247599,30822.801,6385,65535
521,263520,15554.478,0,57473,247599,30832.750,0,57473
522,263520,15784.321,0,53642,247599,31029.803,6811,63433
523,263520,15490.491,0,63008,247599,30720.699,5108,65535
524,263520,15684.373,0,60879,247599,30935.193,5534,63433
525,263520,15525.990,0,60028,247599,30743.701,5534,60028
526,263520,15669.465,0,57473,247599,30898.182,4257,59176
527,263520,15499.913,0,55345,247599,30685.400,0,55345
528,263520,40298.023,4257,65535,247599,23832.791,0,65535
529,263520,44179.508,0,65535,247599,23308.221,0,65535
530,263520,43845.969,2128,65535,247599,23113.236,0,65535
531,263520,44170.961,0,65535,247599,23388.588,0,65535
532,263520,44041.344,5534,65535,247599,23257.539,0,65535
533,263520,44206.531,2128,65535,247599,23389.387,0,65535
534,263520,44281.930,4257,65535,247599,23405.361,0,65535
535,263520,44030.555,5108,65535,247599,23223.812,0,65535
536,263520,44290.746,4683,65535,247599,23399.953,0,65535
537,263520,44015.230,3831,65535,247599,23193.619,0,65535
538,263520,44340.641,5108,65535,247599,23468.646,0,65535
539,263520,33355.449,851,65535,247599,25957.607,0,65535
540,263520,15392.571,0,57473,247599,31249.562,5960,65535
541,263520,15835.821,0,65535,247599,31124.539,7237,65535
542,263520,15494.976,0,61731,247599,30786.537,2128,61731
543,263520,15782.577,0,55345,247599,31061.211,4683,55345
544,263520,15593.697,0,61305,247599,30877.416,3405,65535
545,263520,15716.186,0,54919,247599,30993.225,2128,57047
546,263520,15563.855,0,61305,247599,30824.840,7663,61305
547,263520,15751.752,0,55770,247599,31014.148,2980,55770
548,263520,15765.689,0,62156,247599,30989.975,4257,62156
549,263520,15449.533,0,52790,247599,30663.334,5960,53642
550,263520,15779.403,0,51513,247599,30978.818,2128,55770
551,263520,40828.238,4257,65535,247599,23777.955,0,65535
552,263520,44054.570,3405,65535,247599,23249.836,0,65535
553,263520,43927.090,5108,65535,247599,23205.498,0,65535
554,263520,43794.375,5960,65535,247599,23088.986,0,65535
555,263520,44076.359,6385,65535,247599,23308.479,0,65535
556,263520,43820.504,3831,65535,247599,23112.762,0,65535
557,263520,44207.516,5534,65535,247599,23417.453,0,65535
558,263520,43900.336,5960,65535,247599,23164.275,0,65535
559,263520,44140.695,5960,65535,247599,23374.852,0,65535
560,263520,43985.328,5534,65535,247599,23217.387,0,65535
561,263520,43957.301,2980,65535,247599,23165.482,0,65535
562,263520,33024.488,2554,65535,247599,26198.588,0,65535
563,263520,15239.483,0,62156,247599,31073.344,5534,62156
564,263520,15745.345,0,61731,247599,31064.307,0,61731
565,263520,15606.072,0,58325,247599,30923.609,0,58325
566,263520,15755.628,0,54493,247599,31080.305,5960,65535
567,263520,15583.805,0,54493,247599,30887.711,4683,57047
568,263520,15523.976,0,57899,247599,30819.773,6811,65136
569,263520,15764.747,0,62582,247599,31040.672,2980,62582
570,263520,15467.821,0,59602,247599,30738.568,5534,65535
571,263520,15706.051,0,59176,247599,31008.682,0,59176
572,263520,15577.883,0,55345,247599,30846.193,5960,55345
573,263520,15691.452,0,60879,247599,30955.426,3831,60879
574,263520,41609.996,4683,65535,247599,23894.943,0,65535
575,263520,43943.379,5534,65535,247599,23126.416,0,65535
576,263520,44159.238,5960,65535,247599,23338.496,0,65535
577,263520,43923.578,4683,65535,247599,23166.037,0,65535
578,263520,44170.336,4257,65535,247599,23383.213,0,65535
579,263520,43944.758,2554,65535,247599,23185.785,0,65535
580,263520,44187.117,0,65535,247599,23395.781,0,65535
581,263520,44190.422,5960,65535,247599,23353.295,0,65535
582,263520,43844.059,3405,65535,247599,23100.010,0,65535
583,263520,44238.488,4683,65535,247599,23420.686,0,65535
584,263520,43986.617,4683,65535,247599,23221.193,0,65535
585,263520,32459.998,1277,64711,247599,26279.004,0,63859
586,263520,15201.688,0,58325,247599,30973.008,5108,62156
587,263520,15745.391,0,59176,247599,31033.188,5108,59176
588,263520,15726.701,0,62156,247599,30983.898,5534,62156
589,263520,15420.296,0,57473,247599,30691.928,5534,61305
590,263520,15705.862,0,61305,247599,30959.322,2554,63433
591,263520,15531.604,0,53216,247599,30812.400,5534,57047
592,263520,15772.227,0,54067,247599,31068.016,1277,59176
593,263520,15536.940,0,58750,247599,30817.441,5960,65535
594,263520,15477.540,0,56622,247599,30742.986,425,56622
595,263520,15726.738,0,56196,247599,30987.668,6385,61731
596,263520,15462.371,0,54919,247599,30701.094,3405,54919
597,263520,42078.121,5960,65535,247599,23781.639,0,65535
598,263520,44042.367,0,65535,247599,23226.342,0,65535
599,263520,44187.699,5534,65535,247599,23409.105,0,65535
600,263520,44009.656,5108,65535,247599,23228.656,0,65535
601,263520,43941.023,4683,65535,247599,23183.820,0,65535
602,263520,44305.750,5534,65535,247599,23464.834,0,65535
603,263520,43980.434,3405,65535,247599,23212.066,0,65535
604,263520,44221.367,5108,65535,247599,23423.115,0,65535
605,263520,43987.141,0,65535,247599,23213.445,0,65535
606,263520,44084.234,3831,65535,247599,23297.908,0,65535
607,263520,43975.098,0,65535,247599,23200.723,0,65535
608,263520,31806.564,0,65535,247599,26226.363,0,65535
609,263520,15386.603,0,53216,247599,31141.459,4683,54493
610,263520,15491.128,0,52790,247599,30741.400,0,60879
611,263520,15642.666,0,62582,247599,30908.010,2554,63433
612,263520,15515.803,0,54067,247599,30763.938,6385,65535
613,263520,15703.716,0,62156,247599,30945.068,5108,62582
614,263520,15710.641,0,54919,247599,30919.514,2980,64285
615,263520,15369.503,0,54067,247599,30571.049,6385,54067
616,263520,15651.627,0,58750,247599,30833.773,5108,58750
617,263520,15372.215,0,60028,247599,30574.736,5108,60028
618,263520,15690.093,0,60879,247599,30938.330,0,60879
619,263520,15504.081,0,65535,247599,30736.076,0,65535
620,263520,42511.559,0,65535,247599,23689.447,0,65535
621,263520,44252.938,5960,65535,247599,23384.783,0,65535
622,263520,43893.789,4683,65535,247599,23136.467,0,65535
623,263520,44198.293,5534,65535,247599,23360.156,0,65535
624,263520,44048.930,5534,65535,247599,23248.906,0,65535
625,263520,44255.199,1702,65535,247599,23426.848,0,65535
626,263520,44020.484,3405,65535,247599,23209.064,0,65535
627,263520,44241.824,5108,65535,247599,23411.820,0,65535
628,263520,44264.680,1702,65535,247599,23393.980,0,65535
629,263520,44009.715,4257,65535,247599,23203.078,0,65535
630,263520,44334.516,4257,65535,247599,23441.969,0,65535
631,263520,31465.316,425,65535,247599,26449.975,0,65535
632,263520,15448.895,0,62156,247599,31268.723,2128,62156
633,263520,15587.559,0,59176,247599,30896.904,0,59176
634,263520,15483.820,0,64285,247599,30777.197,5960,64285
635,263520,15740.064,0,63859,247599,31014.650,425,63859
636,263520,15500.740,0,62582,247599,30774.738,2980,62582
637,263520,15712.639,0,62582,247599,30947.766,0,62582
638,263520,15490.000,0,62582,247599,30740.438,3831,62582
639,263520,15703.526,0,54919,247599,30954.711,4683,65136
640,263520,15495.955,0,51939,247599,30720.795,425,53642
641,263520,15437.038,0,62156,247599,30643.875,5960,62156
642,263520,15740.913,0,58750,247599,30925.969,2554,65535
643,263520,42591.160,3405,65535,247599,23269.277,0,65535
644,263520,44097.277,4683,65535,247599,23350.242,0,65535
645,263520,43882.039,4257,65535,247599,23157.645,0,65535
646,263520,44091.484,0,65535,247599,23320.379,0,65535
647,263520,43963.207,4683,65535,247599,23214.420,0,65535
648,263520,43894.086,2128,65535,247599,23131.412,0,65535
649,263520,44241.871,6385,65535,247599,23395.629,0,65535
650,263520,43924.395,5108,65535,247599,23130.893,0,65535
651,263520,44281.230,0,65535,247599,23444.449,0,65535
652,263520,44067.512,5534,65535,247599,23245.410,0,65535
653,263520,44240.020,5960,65535,247599,23397.656,0,65535
654,263520,31128.305,0,65136,247599,26656.203,0,65136
655,263520,15219.822,0,56196,247599,30980.738,2128,64285
656,263520,15835.348,0,54067,247599,31134.490,5960,65535
657,263520,15507.138,0,55345,247599,30810.473,851,64285
658,263520,15778.080,0,64285,247599,31097.549,3831,64711
659,263520,15598.319,0,60028,247599,30894.441,0,60028
660,263520,15698.155,0,65535,247599,30981.703,5534,65535
661,263520,15754.969,0,54919,247599,31001.643,0,54919
662,263520,15544.376,0,61731,247599,30797.582,2980,61731
663,263520,15760.355,0,61305,247599,30981.408,5108,61305
664,263520,15526.799,0,56196,247599,30749.111,6385,61305
665,263520,15639.278,0,53216,247599,30857.914,1702,65535
666,263520,43196.324,6385,65535,247599,23283.119,0,65535
667,263520,44045.047,851,65535,247599,23306.787,0,65535
668,263520,44059.727,5960,65535,247599,23293.443,0,65535
669,263520,43713.949,5960,65535,247599,23027.262,0,65535
670,263520,44050.738,5960,65535,247599,23287.469,0,65535
671,263520,43875.105,5534,65535,247599,23176.445,0,65535
672,263520,44102.816,4683,65535,247599,23372.520,0,65535
673,263520,43806.238,5960,65535,247599,23092.521,0,65535
674,263520,43812.094,5108,65535,247599,23087.404,0,65535
675,263520,44141.809,5534,65535,247599,23333.076,0,65535
676,263520,44005.410,0,65535,247599,23225.502,0,65535
677,263520,30695.078,0,65535,247599,26829.900,0,65535
678,263520,15310.344,0,55345,247599,31070.902,2980,59176
679,263520,15769.745,0,62582,247599,31085.121,5534,62582
680,263520,15620.106,0,63008,247599,30931.236,2554,65535
681,263520,15525.909,0,56622,247599,30830.236,7237,59176
682,263520,15817.164,0,55770,247599,31101.920,3831,55770
683,263520,15536.908,0,62156,247599,30828.719,5960,62156
684,263520,15760.371,0,65535,247599,31063.410,0,65535
685,263520,15559.019,0,55770,247599,30839.812,5534,64711
686,263520,15771.496,0,60028,247599,31069.020,5108,60028
687,263520,15502.475,0,62582,247599,30763.191,5534,65535
688,263520,15476.335,0,54493,247599,30712.199,2980,55770
689,263520,43925.355,5108,65535,247599,23359.508,0,65535
690,263520,43893.875,4683,65535,247599,23156.100,0,65535
691,263520,44179.793,5960,65535,247599,23406.877,0,65535
692,263520,44031.430,5108,65535,247599,23260.936,0,65535
693,263520,44180.469,3831,65535,247599,23392.717,0,65535
694,263520,44177.477,5534,65535,247599,23355.762,0,65535
695,263520,43878.535,0,65535,247599,23135.602,0,65535
696,263520,44203.492,0,65535,247599,23382.748,0,65535
697,263520,43906.941,6385,65535,247599,23166.418,0,65535
698,263520,44138.977,5108,65535,247599,23375.969,0,65535
699,263520,43967.945,3405,65535,247599,23217.584,0,65535
700,263520,30078.689,0,64711,247599,26841.293,0,64711
701,263520,15439.617,0,60879,247599,31127.574,6385,62582
702,263520,15536.799,0,56622,247599,30794.717,5534,56622
703,263520,15780.240,0,53216,247599,31039.924,0,59176
704,263520,15579.709,0,61305,247599,30860.949,4683,64711
705,263520,15691.051,0,57899,247599,30980.025,4683,57899
706,263520,15632.630,0,62582,247599,30917.670,0,65535
707,263520,15764.069,0,54493,247599,31063.441,3831,55345
708,263520,15766.494,0,62582,247599,31019.812,0,65535
709,263520,15523.298,0,54493,247599,30796.299,425,54493
710,263520,15809.210,0,64285,247599,31067.096,5108,65136
711,263520,15616.963,0,53216,247599,30881.781,0,53216
712,263520,44363.758,5108,65535,247599,23293.000,0,65535
713,263520,43990.008,2554,65535,247599,23260.525,0,65535
714,263520,43887.617,5534,65535,247599,23160.201,0,65535
715,263520,44307.426,0,65535,247599,23486.918,0,65535
716,263520,43950.340,2980,65535,247599,23207.816,0,65535
717,263520,44154.562,3405,65535,247599,23360.719,0,65535
718,263520,44020.699,5108,65535,247599,23264.018,0,65535
719,263520,44151.797,5108,65535,247599,23383.404,0,65535
720,263520,44032.594,5108,65535,247599,23271.201,0,65535
721,263520,43915.137,3831,65535,247599,23186.568,0,65535
722,263520,44290.684,5108,65535,247599,23485.943,0,65535
723,263520,29353.189,0,60453,247599,26732.508,0,59602
724,263520,15420.941,0,63859,247599,31133.961,2128,63859
725,263520,15572.476,0,65535,247599,30828.674,5960,65535
726,263520,15707.060,0,63008,247599,30977.123,0,63008
727,263520,15537.431,0,56622,247599,30780.650,1702,56622
728,263520,15465.254,0,60879,247599,30690.568,7663,62156
729,263520,15701.297,0,57047,247599,30901.686,6385,57047
730,263520,15419.719,0,60453,247599,30618.201,1702,60453
731,263520,15652.676,0,51939,247599,30885.613,6385,52364
732,263520,15533.061,0,59602,247599,30752.885,6385,60879
733,263520,15639.280,0,63008,247599,30890.670,2128,63008
734,263520,15652.200,0,51087,247599,30853.225,6811,51939
735,263520,44519.191,4257,65535,247599,23006.953,0,65535
736,263520,44191.480,4257,65535,247599,23443.002,0,65535
737,263520,43872.477,0,65535,247599,23149.834,0,65535
738,263520,44204.645,3405,65535,247599,23425.756,0,65535
739,263520,43962.289,0,65535,247599,23206.107,0,65535
740,263520,44186.984,5960,65535,247599,23405.668,0,65535
741,263520,44199.000,5534,65535,247599,23368.592,0,65535
742,263520,44012.203,3831,65535,247599,23248.805,0,65535
743,263520,44257.551,5108,65535,247599,23418.172,0,65535
744,263520,44114.590,0,65535,247599,23314.398,0,65535
745,263520,44220.793,5108,65535,247599,23426.148,0,65535
746,263520,29087.096,0,65535,247599,27039.383,0,65535
747,263520,15510.826,0,65535,247599,31264.688,1702,65535
748,263520,15774.251,0,61731,247599,31063.312,0,61731
749,263520,15432.943,0,55770,247599,30724.564,851,65535
750,263520,15722.437,0,65535,247599,30989.932,0,65535
751,263520,15560.847,0,58325,247599,30844.645,2128,58325
752,263520,15668.672,0,60879,247599,30934.947,1702,60879
753,263520,15511.204,0,65535,247599,30758.627,6811,65535
754,263520,15415.903,0,58750,247599,30642.029,4683,64285
755,263520,15682.938,0,60879,247599,30897.369,2554,60879
756,263520,15413.793,0,57473,247599,30621.373,0,57473
757,263520,15769.511,0,65535,247599,30882.379,5534,65535
758,263520,44488.484,3831,65535,247599,23017.510,0,65535
759,263520,43955.957,4257,65535,247599,23286.713,0,65535
760,263520,43873.789,4257,65535,247599,23187.777,0,65535
761,263520,43788.859,3831,65535,247599,23093.496,0,65535
762,263520,44095.676,3405,65535,247599,23330.902,0,65535
763,263520,43898.219,4257,65535,247599,23171.770,0,65535
764,263520,44218.855,5534,65535,247599,23436.555,0,65535
765,263520,44037.938,3831,65535,247599,23265.662,0,65535
766,263520,44241.422,3405,65535,247599,23439.852,0,65535
767,263520,44061.988,5534,65535,247599,23272.305,0,65535
768,263520,44035.402,4683,65535,247599,23247.234,0,65535
769,263520,28839.393,0,65535,247599,27338.562,0,65535
770,263520,15207.833,0,58325,247599,30908.234,3405,61731
771,263520,15774.558,0,62582,247599,31109.609,4257,63859
772,263520,15597.854,0,53642,247599,30904.791,2554,62582
773,263520,15722.055,0,64285,247599,31033.330,2980,64285
774,263520,15775.530,0,51939,247599,31047.324,2128,54919
775,263520,15400.660,0,65535,247599,30648.990,6385,65535
776,263520,15743.318,0,61305,247599,30983.158,4683,61305
777,263520,15415.067,0,57899,247599,30645.295,2980,57899
778,263520,15659.803,0,51087,247599,30902.508,5108,55345
779,263520,15543.930,0,60453,247599,30768.697,2554,63008
780,263520,16181.251,0,60453,247599,30795.545,5108,63008
781,263520,44730.723,0,65535,247599,23176.260,0,65535
782,263520,43718.371,4257,65535,247599,23067.436,0,65535
783,263520,44016.531,5960,65535,247599,23270.383,0,65535
784,263520,43783.301,5960,65535,247599,23096.117,0,65535
785,263520,43997.414,3405,65535,247599,23294.254,0,65535
786,263520,43799.309,3405,65535,247599,23117.537,0,65535
787,263520,43983.023,4257,65535,247599,23277.570,0,65535
788,263520,44063.402,2554,65535,247599,23293.898,0,65535
789,263520,43765.664,5108,65535,247599,23058.750,0,65535
790,263520,44114.605,5534,65535,247599,23306.613,0,65535
791,263520,43985.508,3831,65535,247599,23208.273,0,65535
792,263520,28264.686,0,65535,247599,27390.418,0,65535
793,263520,15271.126,0,55770,247599,30932.037,5108,55770
794,263520,15517.606,0,61731,247599,30798.117,0,61731
795,263520,15771.195,0,59176,247599,31052.111,2980,59176
796,263520,15543.489,0,53642,247599,30833.383,2980,57047
797,263520,15733.009,0,59176,247599,30998.852,851,59176
798,263520,15562.483,0,65535,247599,30839.561,3831,65535
799,263520,15731.421,0,56196,247599,31027.793,5960,59176
800,263520,15542.500,0,53216,247599,30801.322,6385,65535
801,263520,15456.844,0,60453,247599,30709.270,6385,60453
802,263520,15652.087,0,56622,247599,30868.803,2554,56622
803,263520,16342.998,0,54493,247599,30433.975,0,54493
804,263520,44860.914,5108,65535,247599,23266.803,0,65535
805,263520,43964.145,4257,65535,247599,23214.098,0,65535
806,263520,44163.793,5534,65535,247599,23374.779,0,65535
807,263520,43947.918,5534,65535,247599,23180.303,0,65535
808,263520,43890.133,2980,65535,247599,23132.668,0,65535
809,263520,44180.242,851,65535,247599,23353.471,0,65535
810,263520,43855.969,4257,65535,247599,23095.961,0,65535
811,263520,44094.812,4683,65535,247599,23319.652,0,65535
812,263520,43953.191,0,65535,247599,23179.975,0,65535
813,263520,44157.270,5108,65535,247599,23370.785,0,65535
814,263520,44138.891,3405,65535,247599,23320.742,0,65535
815,263520,27598.582,0,65535,247599,27303.598,0,65535
816,263520,15461.355,0,53642,247599,31049.221,6385,53642
817,263520,15483.762,0,52790,247599,30718.957,3831,63859
818,263520,15730.185,0,63859,247599,31004.693,5108,63859
819,263520,15543.422,0,57047,247599,30784.414,4683,57047
820,263520,15654.982,0,57899,247599,30917.227,2980,62156
821,263520,15672.785,0,56622,247599,30898.645,6385,63008
822,263520,15466.203,0,62156,247599,30713.887,5534,65535
823,263520,15775.842,0,57473,247599,31005.061,0,57473
824,263520,15516.752,0,55770,247599,30770.236,2980,65535
825,263520,15718.314,0,53216,247599,30972.846,3405,53216
826,263520,16874.406,0,59602,247599,30405.475,5108,59602
827,263520,44855.750,0,65535,247599,23271.748,0,65535
828,263520,44109.344,0,65535,247599,23298.262,0,65535
829,263520,43990.246,0,65535,247599,23210.934,0,65535
830,263520,44197.336,5108,65535,247599,23357.156,0,65535
831,263520,43984.598,3831,65535,247599,23200.740,0,65535
832,263520,44202.352,3405,65535,247599,23387.971,0,65535
833,263520,43962.066,2980,65535,247599,23169.137,0,65535
834,263520,43856.250,4257,65535,247599,23098.400,0,65535
835,263520,44228.078,5534,65535,247599,23390.682,0,65535
836,263520,43825.465,4683,65535,247599,23061.795,0,65535
837,263520,44148.805,0,65535,247599,23320.643,0,65535
838,263520,27200.582,0,61731,247599,27473.463,0,61731
839,263520,15433.165,0,59602,247599,31054.635,1277,59602
840,263520,15569.696,0,54493,247599,30807.766,3405,54493
841,263520,15417.008,0,51939,247599,30631.215,0,52364
842,263520,15677.723,0,63859,247599,30877.098,0,65535
843,263520,15412.576,0,57473,247599,30598.607,5108,57473
844,263520,15635.762,0,57473,247599,30850.865,4257,57473
845,263520,15474.268,0,60028,247599,30656.023,6385,60028
846,263520,15662.143,0,53642,247599,30869.004,6385,62582
847,263520,15483.234,0,54067,247599,30688.602,0,54067
848,263520,15383.921,0,61731,247599,30576.000,0,61731
849,263520,17430.354,0,57899,247599,30333.221,5108,57899
850,263520,44563.723,3831,65535,247599,23053.451,0,65535
851,263520,44081.562,5108,65535,247599,23334.357,0,65535
852,263520,43896.000,0,65535,247599,23121.832,0,65535
853,263520,44136.605,6811,65535,247599,23344.320,0,65535
854,263520,44260.281,5108,65535,247599,23394.322,0,65535
855,263520,44014.574,4683,65535,247599,23225.531,0,65535
856,263520,44336.379,5960,65535,247599,23467.969,0,65535
857,263520,44030.082,4683,65535,247599,23228.160,0,65535
858,263520,44264.617,5960,65535,247599,23435.316,0,65535
859,263520,44044.602,5960,65535,247599,23221.617,0,65535
860,263520,44249.137,5534,65535,247599,23410.502,0,65535
861,263520,27015.338,0,65535,247599,27848.703,0,65535
862,263520,15264.331,0,54067,247599,30907.699,5534,65535
863,263520,15824.092,0,62582,247599,31105.854,5108,62582
864,263520,15513.958,0,54067,247599,30794.186,0,65535
865,263520,15709.897,0,59602,247599,31003.986,6385,59602
866,263520,15597.019,0,63008,247599,30862.508,3405,64711
867,263520,15652.986,0,61731,247599,30922.521,0,61731
868,263520,15698.404,0,55770,247599,30913.770,0,55770
869,263520,15472.416,0,61305,247599,30702.660,6811,65535
870,263520,15689.020,0,61305,247599,30886.701,2128,61305
871,263520,15523.090,0,51087,247599,30739.385,5108,51087
872,263520,17829.824,0,63859,247599,30192.426,2554,63859
873,263520,44465.137,5108,65535,247599,23033.303,0,65535
874,263520,43759.742,4257,65535,247599,23110.941,0,65535
875,263520,44131.168,2128,65535,247599,23366.090,0,65535
876,263520,43905.008,3831,65535,247599,23185.674,0,65535
877,263520,44211.262,5960,65535,247599,23407.707,0,65535
878,263520,43963.672,4257,65535,247599,23211.881,0,65535
879,263520,44251.152,3831,65535,247599,23458.795,0,65535
880,263520,44070.449,1702,65535,247599,23286.846,0,65535
881,263520,43977.328,5108,65535,247599,23209.936,0,65535
882,263520,44223.020,4683,65535,247599,23378.482,0,65535
883,263520,43920.719,3831,65535,247599,23143.732,0,65535
884,263520,26576.695,0,58750,247599,28071.016,0,58750
885,263520,15326.076,0,61305,247599,30960.266,0,61305
886,263520,15736.182,0,63433,247599,31076.867,6385,65136
887,263520,15626.304,0,53216,247599,30940.627,1277,55770
888,263520,15463.539,0,62156,247599,30745.229,2980,63859
889,263520,15741.700,0,55770,247599,31019.355,5534,65535
890,263520,15464.575,0,58325,247599,30731.592,851,58325
891,263520,15712.702,0,59176,247599,30996.764,5108,65535
892,263520,15493.399,0,52364,247599,30736.859,2128,65535
893,263520,15692.923,0,54493,247599,30963.213,3405,60028
894,263520,15757.925,0,62582,247599,30978.623,4257,62582
895,263520,18008.732,0,57473,247599,29820.170,5108,62156
896,263520,44603.016,5534,65535,247599,23146.928,0,65535
897,263520,43664.488,3405,65535,247599,23042.348,0,65535
898,263520,44103.973,3831,65535,247599,23420.129,0,65535
899,263520,43832.219,5534,65535,247599,23168.615,0,65535
900,263520,43987.250,0,65535,247599,23305.297,0,65535
901,263520,44000.918,5108,65535,247599,23284.932,0,65535
902,263520,43717.691,4683,65535,247599,23071.354,0,65535
903,263520,44043.266,3405,65535,247599,23310.777,0,65535
904,263520,43899.652,5960,65535,247599,23191.545,0,65535
905,263520,44121.102,5534,65535,247599,23387.135,0,65535
906,263520,44038.680,1702,65535,247599,23291.803,0,65535
907,263520,25955.229,0,59602,247599,28021.307,0,60453
908,263520,15475.454,0,54919,247599,31086.227,5534,65535
909,263520,15543.113,0,64285,247599,30861.236,0,64285
910,263520,15704.136,0,63008,247599,30996.006,6385,65535
911,263520,15530.607,0,65535,247599,30842.422,5534,65535
912,263520,15697.530,0,65535,247599,31020.383,2128,65535
913,263520,15484.307,0,59602,247599,30779.783,3831,65535
914,263520,15444.123,0,57047,247599,30726.760,3831,65136
915,263520,15730.213,0,51513,247599,31001.332,0,51513
916,263520,15469.470,0,63859,247599,30748.441,1702,63859
917,263520,15646.964,0,57047,247599,30891.607,7237,65535
918,263520,18634.869,0,54919,247599,29920.859,3405,54919
919,263520,44744.707,0,65535,247599,23264.703,0,65535
920,263520,43941.039,5534,65535,247599,23238.324,0,65535
921,263520,43906.484,5108,65535,247599,23195.422,0,65535
922,263520,44181.664,2554,65535,247599,23398.359,0,65535
923,263520,43937.242,6385,65535,247599,23227.822,0,65535
924,263520,44229.910,5108,65535,247599,23483.691,0,65535
925,263520,44019.570,2980,65535,247599,23279.174,0,65535
926,263520,44146.273,4257,65535,247599,23399.648,0,65535
927,263520,43979.684,5534,65535,247599,23246.777,0,65535
928,263520,43855.301,3405,65535,247599,23156.768,0,65535
929,263520,44175.879,5960,65535,247599,23410.523,0,65535
930,263520,25247.705,0,59176,247599,27894.549,0,59176
931,263520,15518.911,0,53642,247599,31120.221,7237,56196
932,263520,15552.158,0,60028,247599,30832.834,6385,60028
933,263520,15714.557,0,62582,247599,31018.162,1277,62582
934,263520,15730.163,0,55770,247599,31006.783,4683,64711
935,263520,15528.290,0,58750,247599,30808.936,3405,60028
936,263520,15758.753,0,65535,247599,31032.527,5534,65535
937,263520,15400.440,0,54493,247599,30662.873,425,63859
938,263520,15681.010,0,52364,247599,30981.008,425,52364
939,263520,15582.776,0,64285,247599,30871.277,3405,64285
940,263520,15738.050,0,65535,247599,31027.887,4683,65535
941,263520,19180.877,0,60028,247599,29861.412,3831,60028
942,263520,44497.863,5108,65535,247599,23059.818,0,65535
943,263520,44231.207,5108,65535,247599,23466.738,0,65535
944,263520,43970.539,0,65535,247599,23230.742,0,65535
945,263520,44137.414,5960,65535,247599,23373.535,0,65535
946,263520,43982.695,2980,65535,247599,23238.385,0,65535
947,263520,44144.719,0,65535,247599,23385.658,0,65535
948,263520,44202.812,5534,65535,247599,23395.572,0,65535
949,263520,43871.203,3405,65535,247599,23134.125,0,65535
950,263520,44185.508,3405,65535,247599,23375.383,0,65535
951,263520,43906.871,4257,65535,247599,23171.867,0,65535
952,263520,44117.035,4683,65535,247599,23360.168,0,65535
953,263520,24967.135,0,60028,247599,28203.941,2554,60028
954,263520,15246.721,0,51513,247599,30801.764,4257,64285
955,263520,15679.884,0,60028,247599,30925.033,2128,60028
956,263520,15429.664,0,60028,247599,30676.100,0,65535
957,263520,15722.388,0,60028,247599,30942.934,2554,60028
958,263520,15471.928,0,59176,247599,30701.553,425,59176
959,263520,15609.519,0,65535,247599,30837.117,0,65535
960,263520,15525.833,0,57047,247599,30745.963,6385,57047
961,263520,15440.259,0,57899,247599,30649.348,0,57899
962,263520,15661.229,0,62582,247599,30859.334,6385,62582
963,263520,15419.703,0,54493,247599,30635.322,2980,59602
964,263520,19699.215,0,54493,247599,29820.564,2554,58325
965,263520,44547.895,5108,65535,247599,23105.971,0,65535
966,263520,44073.652,5108,65535,247599,23338.010,0,65535
967,263520,43947.238,0,65535,247599,23197.578,0,65535
968,263520,43917.070,3831,65535,247599,23165.857,0,65535
969,263520,44215.172,4683,65535,247599,23375.742,0,65535
970,263520,43949.055,5108,65535,247599,23186.500,0,65535
971,263520,44251.129,4683,65535,247599,23433.863,0,65535
972,263520,44041.090,6385,65535,247599,23236.732,0,65535
973,263520,44288.633,2980,65535,247599,23455.340,0,65535
974,263520,44287.527,5108,65535,247599,23421.320,0,65535
975,263520,43921.723,5534,65535,247599,23131.447,0,65535
976,263520,24718.541,0,64285,247599,28507.721,0,64285
977,263520,15284.014,0,65535,247599,30859.795,4683,65535
978,263520,15812.489,0,58325,247599,31148.330,2128,65535
979,263520,15597.990,0,57899,247599,30904.799,0,57899
980,263520,15698.731,0,65535,247599,31000.273,4257,65535
981,263520,15777.841,0,60879,247599,31039.191,5534,60879
982,263520,15458.464,0,54919,247599,30706.824,0,54919
983,263520,15774.564,0,61731,247599,31013.338,5108,61731
984,263520,15552.825,0,52790,247599,30789.574,0,59602
985,263520,15626.308,0,61305,247599,30866.936,3405,61305
986,263520,15498.071,0,59176,247599,30705.857,5534,60453
987,263520,20007.295,0,63433,247599,29500.203,0,63433
988,263520,44600.402,4257,65535,247599,23166.602,0,65535
989,263520,43728.504,0,65535,247599,23058.365,0,65535
990,263520,44065.555,5534,65535,247599,23302.324,0,65535
991,263520,43890.887,4257,65535,247599,23153.199,0,65535
992,263520,44179.605,4683,65535,247599,23402.521,0,65535
993,263520,43965.562,3831,65535,247599,23204.150,0,65535
994,263520,43897.156,4257,65535,247599,23122.365,0,65535
995,263520,44218.152,4683,65535,247599,23364.625,0,65535
996,263520,43868.762,4683,65535,247599,23084.475,0,65535
997,263520,44262.605,5108,65535,247599,23391.893,0,65535
998,263520,44028.523,2554,65535,247599,23205.285,0,65535
999,263520,24222.027,0,65535,247599,28616.428,2554,65535
1000,263520,15448.974,0,56196,247599,31032.037,2554,57047
1001,263520,15518.519,0,54919,247599,30820.859,0,54919
1002,263520,15816.358,0,56196,247599,31107.104,1702,65535
1003,263520,15541.506,0,59176,247599,30835.893,0,59176
1004,263520,15723.885,0,63008,247599,31013.549,5960,65535
1005,263520,15564.265,0,63008,247599,30834.967,0,63008
1006,263520,15657.711,0,61731,247599,30920.182,4683,61731
1007,263520,15533.893,0,60453,247599,30768.723,6385,60453
1008,263520,15425.258,0,59602,247599,30640.449,4683,65535
1009,263520,15678.796,0,65535,247599,30876.133,851,65535
1010,263520,20199.746,0,54067,247599,29127.316,3405,54067
1011,263520,44610.996,4257,65535,247599,23206.906,0,65535
1012,263520,43762.824,6385,65535,247599,23078.111,0,65535
1013,263520,43976.973,0,65535,247599,23257.717,0,65535
1014,263520,44048.031,4683,65535,247599,23274.137,0,65535
1015,263520,43713.605,4257,65535,247599,23019.617,0,65535
1016,263520,44081.676,4257,65535,247599,23311.217,0,65535
1017,263520,43726.988,1702,65535,247599,23032.387,0,65535
1018,263520,44056.492,4257,65535,247599,23320.684,0,65535
1019,263520,43906.387,5534,65535,247599,23157.412,0,65535
1020,263520,44235.570,4683,65535,247599,23439.715,0,65535
1021,263520,44292.629,4683,65535,247599,23436.062,0,65535
1022,263520,23534.490,0,56196,247599,28507.518,1277,56196
1023,263520,15567.723,0,60879,247599,31092.225,5960,60879
1024,263520,15595.958,0,54493,247599,30891.783,6385,57047
1025,263520,15721.079,0,60879,247599,31036.379,0,64285
1026,263520,15616.193,0,65535,247599,30924.320,6811,65535
1027,263520,15744.830,0,65535,247599,31051.406,5108,65535
1028,263520,15764.208,0,57473,247599,31026.846,2554,57473
1029,263520,15507.604,0,59176,247599,30771.961,5960,59602
1030,263520,15780.033,0,56622,247599,31030.625,2980,63008
1031,263520,15558.710,0,58325,247599,30833.279,5108,65535
1032,263520,15734.731,0,54067,247599,31008.637,5960,65535
1033,263520,20890.570,0,58325,247599,29273.062,0,58325
1034,263520,44398.254,4683,65535,247599,22983.449,0,65535
1035,263520,44110.770,4683,65535,247599,23312.168,0,65535
1036,263520,43895.402,5960,65535,247599,23129.625,0,65535
1037,263520,44184.918,3831,65535,247599,23353.875,0,65535
1038,263520,43967.844,6385,65535,247599,23192.098,0,65535
1039,263520,44226.551,3831,65535,247599,23423.961,0,65535
1040,263520,43938.527,0,65535,247599,23164.709,0,65535
1041,263520,43961.441,5108,65535,247599,23195.410,0,65535
1042,263520,44219.887,5534,65535,247599,23385.922,0,65535
1043,263520,43912.387,5960,65535,247599,23161.820,0,65535
1044,263520,44157.016,5108,65535,247599,23375.152,0,65535
1045,263520,23089.738,0,61731,247599,28619.285,0,61731
1046,263520,15556.437,0,61731,247599,31076.734,6811,65535
1047,263520,15529.030,0,63859,247599,30783.260,0,65535
1048,263520,15519.646,0,65136,247599,30782.299,1702,65136
1049,263520,15771.474,0,61305,247599,31030.676,1277,65535
1050,263520,15555.987,0,62582,247599,30825.666,1277,62582
1051,263520,15796.531,0,52364,247599,31087.762,5960,53216
1052,263520,15581.999,0,60028,247599,30844.553,3831,60028
1053,263520,15752.892,0,53642,247599,31038.732,5534,65535
1054,263520,15730.677,0,54493,247599,30971.084,851,54493
1055,263520,15469.895,0,60028,247599,30725.400,0,60028
1056,263520,21477.943,0,65535,247599,29242.617,0,65535
1057,263520,44482.816,5108,65535,247599,23072.598,0,65535
1058,263520,44110.230,6385,65535,247599,23344.564,0,65535
1059,263520,44002.824,0,65535,247599,23220.928,0,65535
1060,263520,44122.000,5960,65535,247599,23326.916,0,65535
1061,263520,44163.434,0,65535,247599,23321.145,0,65535
1062,263520,43917.969,3405,65535,247599,23142.711,0,65535
1063,263520,44233.332,4683,65535,247599,23382.002,0,65535
1064,263520,44042.590,851,65535,247599,23259.957,0,65535
1065,263520,44171.285,4683,65535,247599,23376.154,0,65535
1066,263520,44012.293,0,65535,247599,23220.291,0,65535
1067,263520,44247.844,0,65535,247599,23445.781,0,65535
1068,263520,22862.957,0,55345,247599,28943.355,2980,55345
1069,263520,15401.621,0,53642,247599,30886.240,4257,54919
1070,263520,15776.730,0,55770,247599,31022.859,851,64285
1071,263520,15519.292,0,51939,247599,30757.988,0,54493
1072,263520,15660.047,0,58750,247599,30903.947,425,63433
1073,263520,15519.446,0,57899,247599,30741.406,3831,62582
1074,263520,15435.526,0,51513,247599,30638.852,0,51939
1075,263520,15641.633,0,65535,247599,30817.547,4257,65535
1076,263520,15407.835,0,54919,247599,30595.490,4683,54919
1077,263520,15726.684,0,63859,247599,30921.584,5108,65535
1078,263520,15536.096,0,58750,247599,30758.824,3405,58750
1079,263520,21832.322,0,65535,247599,29034.520,2554,65535
1080,263520,44415.629,4683,65535,247599,23024.023,0,65535
1081,263520,43931.371,6385,65535,247599,23195.707,0,65535
1082,263520,44216.723,4683,65535,247599,23373.660,0,65535
1083,263520,43868.027,5960,65535,247599,23099.264,0,65535
1084,263520,44265.141,4683,65535,247599,23437.912,0,65535
1085,263520,44051.988,5534,65535,247599,23232.121,0,65535
1086,263520,44296.734,5960,65535,247599,23458.742,0,65535
1087,263520,44093.223,5108,65535,247599,23260.424,0,65535
1088,263520,44017.156,5960,65535,247599,23209.148,0,65535
1089,263520,44353.039,4257,65535,247599,23463.029,0,65535
1090,263520,44027.309,4683,65535,247599,23218.627,0,65535
1091,263520,22487.842,0,56622,247599,29213.098,0,56622
1092,263520,15468.578,0,53216,247599,30987.238,4683,65535
1093,263520,15795.533,0,60879,247599,31132.541,4683,60879
1094,263520,15806.916,0,59176,247599,31085.646,0,63433
1095,263520,15463.517,0,51087,247599,30734.236,0,56196
1096,263520,15742.184,0,58325,247599,30995.787,2554,64285
1097,263520,15507.632,0,54919,247599,30757.207,1702,54919
1098,263520,15721.670,0,60453,247599,30985.402,7237,60453
1099,263520,15460.271,0,51087,247599,30687.508,6385,52790
1100,263520,15667.205,0,54919,247599,30897.764,4683,55345
1101,263520,15719.650,0,59176,247599,30912.818,3831,63433
1102,263520,22035.473,0,60879,247599,28648.820,0,60879
1103,263520,44628.887,6385,65535,247599,23236.105,0,65535
1104,263520,43889.559,5534,65535,247599,23193.928,0,65535
1105,263520,44138.141,5534,65535,247599,23388.795,0,65535
1106,263520,43889.199,1702,65535,247599,23143.863,0,65535
1107,263520,44091.371,5108,65535,247599,23312.490,0,65535
1108,263520,44236.426,3831,65535,247599,23391.693,0,65535
1109,263520,43947.492,5108,65535,247599,23173.746,0,65535
1110,263520,44263.953,0,65535,247599,23402.660,0,65535
1111,263520,44134.297,5960,65535,247599,23307.465,0,65535
1112,263520,44213.105,5108,65535,247599,23373.574,0,65535
1113,263520,44079.332,2980,65535,247599,23252.477,0,65535
1114,263520,21722.383,0,59176,247599,29021.531,851,59176
1115,263520,15720.048,0,54493,247599,31217.807,2128,56622
1116,263520,15538.581,0,65535,247599,30842.160,0,65535
1117,263520,15730.215,0,56196,247599,31005.000,2980,56196
1118,263520,15603.689,0,59602,247599,30896.143,5960,65535
1119,263520,15720.165,0,60453,247599,31011.771,5960,60453
1120,263520,15535.309,0,62582,247599,30793.445,4683,62582
1121,263520,15471.743,0,54919,247599,30720.000,1277,62156
1122,263520,15754.355,0,64285,247599,30979.994,1277,64285
1123,263520,15440.473,0,58750,247599,30658.643,5108,58750
1124,263520,15705.669,0,52790,247599,30949.402,5534,56196
1125,263520,22584.162,0,56622,247599,28632.742,0,56622
1126,263520,44601.570,3831,65535,247599,23250.672,0,65535
1127,263520,43880.770,2128,65535,247599,23164.314,0,65535
1128,263520,43757.836,4683,65535,247599,23061.914,0,65535
1129,263520,44092.344,3405,65535,247599,23323.947,0,65535
1130,263520,43794.918,4683,65535,247599,23091.916,0,65535
1131,263520,44068.250,0,65535,247599,23334.328,0,65535
1132,263520,43854.996,5534,65535,247599,23124.838,0,65535
1133,263520,44068.188,4683,65535,247599,23322.336,0,65535
1134,263520,44196.684,5534,65535,247599,23374.131,0,65535
1135,263520,43957.898,2980,65535,247599,23185.975,0,65535
1136,263520,44276.070,1702,65535,247599,23423.459,0,65535
1137,263520,21261.648,0,61731,247599,29138.650,0,61731
1138,263520,15632.124,0,64285,247599,31142.299,2128,65535
1139,263520,15610.141,0,59176,247599,30909.580,6385,63008
1140,263520,15765.310,0,54493,247599,31085.342,0,54493
1141,263520,15825.701,0,52364,247599,31109.170,4683,65535
1142,263520,15569.329,0,62582,247599,30860.250,2980,63859
1143,263520,15737.937,0,64711,247599,31006.789,5534,64711
1144,263520,15543.642,0,62156,247599,30810.771,3831,65535
1145,263520,15722.789,0,58325,247599,31016.920,4683,58325
1146,263520,15566.006,0,57047,247599,30840.100,5108,57047
1147,263520,15765.477,0,65535,247599,31046.027,0,65535
1148,263520,23275.014,0,59176,247599,28707.115,851,59176
1149,263520,44374.965,3831,65535,247599,23018.545,0,65535
1150,263520,44266.129,5960,65535,247599,23443.578,0,65535
1151,263520,43942.855,4683,65535,247599,23167.365,0,65535
1152,263520,44164.293,4683,65535,247599,23359.525,0,65535
1153,263520,44001.594,425,65535,247599,23223.947,0,65535
1154,263520,43886.059,5534,65535,247599,23119.566,0,65535
1155,263520,44198.211,2980,65535,247599,23366.521,0,65535
1156,263520,43895.277,6385,65535,247599,23131.533,0,65535
1157,263520,44163.688,5960,65535,247599,23331.535,0,65535
1158,263520,44019.582,3405,65535,247599,23244.795,0,65535
1159,263520,44175.340,5960,65535,247599,23382.779,0,65535
1160,263520,20867.596,0,59176,247599,29291.654,4257,59176
1161,263520,15398.961,0,63433,247599,30822.818,2128,65535
1162,263520,15812.116,0,56196,247599,31070.156,6385,56196
1163,263520,15472.744,0,62156,247599,30721.406,5108,62156
1164,263520,15729.557,0,52790,247599,31020.303,6385,57899
1165,263520,15554.337,0,60879,247599,30818.473,851,60879
1166,263520,15782.981,0,62582,247599,31082.266,2980,62582
1167,263520,15536.892,0,52790,247599,30802.842,0,62156
1168,263520,15470.791,0,65535,247599,30733.326,4257,65535
1169,263520,15715.247,0,54493,247599,30962.664,6385,54493
1170,263520,15475.932,0,55770,247599,30731.504,2980,55770
1171,263520,23680.199,0,65535,247599,28581.375,0,65535
1172,263520,44475.336,4257,65535,247599,23118.297,0,65535
1173,263520,44131.410,5108,65535,247599,23351.504,0,65535
1174,263520,44190.270,4257,65535,247599,23348.643,0,65535
1175,263520,43927.117,0,65535,247599,23155.816,0,65535
1176,263520,44232.012,5108,65535,247599,23373.957,0,65535
1177,263520,43951.391,5960,65535,247599,23177.496,0,65535
1178,263520,44226.258,5108,65535,247599,23413.580,0,65535
1179,263520,44030.738,4683,65535,247599,23237.732,0,65535
1180,263520,44245.082,1277,65535,247599,23429.250,0,65535
1181,263520,44221.348,4257,65535,247599,23368.500,0,65535
1182,263520,43902.977,5960,65535,247599,23147.537,0,65535
1183,263520,20685.893,0,60879,247599,29673.029,3405,60879
1184,263520,15493.494,0,57899,247599,30927.688,0,57899
1185,263520,15762.128,0,60453,247599,31046.199,5534,64285
1186,263520,15608.610,0,52790,247599,30871.957,2980,56196
1187,263520,15730.714,0,57899,247599,30982.369,7237,57899
1188,263520,15700.477,0,54919,247599,30901.438,3831,60453
1189,263520,15456.739,0,58325,247599,30666.578,6811,58325
1190,263520,15642.112,0,52364,247599,30826.363,2554,56196
1191,263520,15520.284,0,57473,247599,30731.713,5534,57473
1192,263520,15708.934,0,57047,247599,30942.322,6385,57899
1193,263520,15511.561,0,65535,247599,30728.945,5960,65535
1194,263520,23929.316,0,63008,247599,28252.564,0,63008
1195,263520,44601.941,4683,65535,247599,23228.051,0,65535
1196,263520,43899.602,5534,65535,247599,23148.711,0,65535
1197,263520,44271.559,0,65535,247599,23424.350,0,65535
1198,263520,44018.625,5534,65535,247599,23227.234,0,65535
1199,263520,44208.008,5108,65535,247599,23393.209,0,65535
1200,263520,44084.938,4683,65535,247599,23269.387,0,65535
