time_s,ch1_v,ch2_v
-0.025,0.33512554,2.51587958
-0.024975,0.33512554,2.52090471
-0.02495,0.34015066,2.52090471
-0.024925,0.33512554,2.51587958
-0.0249,0.34015066,2.51587958
-0.024875,0.34015066,2.51085445
-0.02485,0.33512554,2.51587958
-0.024825,0.34015066,2.51587958
-0.0248,0.33512554,2.52592983
-0.024775,0.33512554,2.52090471
-0.02475,0.33512554,2.51587958
-0.024725,0.33512554,2.51085445
-0.0247,0.34015066,2.51085445
-0.024675,0.34015066,2.51587958
-0.02465,0.33512554,2.52090471
-0.024625,0.33512554,2.52090471
-0.0246,0.33512554,2.51587958
-0.024575,0.33512554,2.51587958
-0.02455,0.34015066,2.51587958
-0.024525,0.33512554,2.52090471
-0.0245,0.34015066,2.52090471
-0.024475,0.33512554,2.52090471
-0.02445,0.33512554,2.52090471
-0.024425,0.33512554,2.51085445
-0.0244,0.33512554,2.51587958
-0.024375,0.34015066,2.51587958
-0.02435,0.34015066,2.52592983
-0.024325,0.33512554,2.52090471
-0.0243,0.34015066,2.52090471
-0.024275,0.34015066,2.51587958
-0.02425,0.34015066,2.51085445
-0.024225,0.33512554,2.52090471
-0.0242,0.33512554,2.52090471
-0.024175,0.33512554,2.52592983
-0.02415,0.33512554,2.51587958
-0.024125,0.33512554,2.51085445
-0.0241,0.34015066,2.51085445
-0.024075,0.33512554,2.51587958
-0.02405,0.33512554,2.52090471
-0.024025,0.33010041,2.52090471
-0.024,1.49090442,0.45557809
-0.023975,2.30497476,0.45055297
-0.02395,2.38537677,0.45055297
-0.023925,2.4105024,0.45055297
-0.0239,2.42055265,0.45055297
-0.023875,2.42557778,0.45055297
-0.02385,2.42557778,0.45055297
-0.023825,2.41552753,0.45055297
-0.0238,2.4105024,0.45055297
-0.023775,2.40547728,0.45557809
-0.02375,2.42055265,0.45557809
-0.023725,2.42055265,0.45557809
-0.0237,2.41552753,0.45055297
-0.023675,2.4105024,0.45055297
-0.02365,2.40547728,0.45055297
-0.023625,2.40547728,0.45055297
-0.0236,2.41552753,0.45055297
-0.023575,2.4105024,0.45055297
-0.02355,2.42557778,0.45557809
-0.023525,2.4105024,0.45557809
-0.0235,2.40547728,0.45557809
-0.023475,2.4105024,0.45557809
-0.02345,2.4105024,0.45557809
-0.023425,2.41552753,0.45557809
-0.0234,2.42055265,0.46060322
-0.023375,2.41552753,0.45557809
-0.02335,2.40547728,0.45557809
-0.023325,2.40547728,0.45557809
-0.0233,2.4105024,0.45557809
-0.023275,2.42055265,0.45055297
-0.02325,2.41552753,0.45055297
-0.023225,2.4105024,0.45557809
-0.0232,2.40547728,0.45557809
-0.023175,2.40045215,0.45557809
-0.02315,2.4105024,0.45557809
-0.023125,2.4105024,0.45557809
-0.0231,2.41552753,0.45557809
-0.023075,2.4105024,0.45055297
-0.02305,2.40547728,0.45055297
-0.023025,2.40547728,0.45055297
-0.023,2.40547728,0.45557809
-0.022975,2.4105024,0.45557809
-0.02295,2.41552753,0.46060322
-0.022925,2.4105024,0.45055297
-0.0229,2.40547728,0.45557809
-0.022875,2.40045215,0.45557809
-0.02285,2.40547728,0.45557809
-0.022825,2.40547728,0.45557809
-0.0228,2.41552753,0.45557809
-0.022775,2.4105024,0.45557809
-0.02275,2.4105024,0.45557809
-0.022725,2.40547728,0.45055297
-0.0227,2.40547728,0.45557809
-0.022675,2.40547728,0.45557809
-0.02265,2.4105024,0.45557809
-0.022625,2.4105024,0.45557809
-0.0226,2.4105024,0.45557809
-0.022575,2.4105024,0.45557809
-0.02255,2.40547728,0.45557809
-0.022525,2.40547728,0.45557809
-0.0225,2.40547728,0.45557809
-0.022475,2.41552753,0.45557809
-0.02245,2.4105024,0.45557809
-0.022425,2.40547728,0.46060322
-0.0224,2.40045215,0.45557809
-0.022375,2.40045215,0.45557809
-0.02235,2.4105024,0.46060322
-0.022325,2.4105024,0.46060322
-0.0223,2.42055265,0.45557809
-0.022275,2.40547728,0.46060322
-0.02225,2.40045215,0.45557809
-0.022225,2.40045215,0.45557809
-0.0222,2.40547728,0.45557809
-0.022175,2.41552753,0.45557809
-0.02215,2.4105024,0.45557809
-0.022125,2.4105024,0.45055297
-0.0221,2.40045215,0.45557809
-0.022075,2.40045215,0.45557809
-0.02205,2.40045215,0.45557809
-0.022025,2.4105024,0.45055297
-0.022,2.4105024,0.45557809
-0.021975,2.40547728,0.45557809
-0.02195,2.40547728,0.46060322
-0.021925,2.40045215,0.45557809
-0.0219,2.40547728,0.45557809
-0.021875,2.40045215,0.46060322
-0.02185,2.4105024,0.46060322
-0.021825,2.40547728,0.45557809
-0.0218,2.4105024,0.45557809
-0.021775,2.40045215,0.45557809
-0.02175,2.40045215,0.46060322
-0.021725,2.40547728,0.45557809
-0.0217,2.40547728,0.45557809
-0.021675,2.4105024,0.45557809
-0.02165,2.40045215,0.45557809
-0.021625,2.40547728,0.45557809
-0.0216,2.39542702,0.45557809
-0.021575,2.4105024,0.45055297
-0.02155,2.40547728,0.45557809
-0.021525,2.4105024,0.45557809
-0.0215,2.41552753,0.45557809
-0.021475,2.40045215,0.45557809
-0.02145,2.40045215,0.45557809
-0.021425,2.39542702,0.45557809
-0.0214,2.40547728,0.46060322
-0.021375,2.4105024,0.45557809
-0.02135,2.4105024,0.45557809
-0.021325,2.40547728,0.45557809
-0.0213,2.40045215,0.45557809
-0.021275,2.40045215,0.45557809
-0.02125,2.40045215,0.45557809
-0.021225,2.4105024,0.45557809
-0.0212,2.4105024,0.45557809
-0.021175,2.40547728,0.45557809
-0.02115,2.39542702,0.45557809
-0.021125,2.39542702,0.45557809
-0.0211,2.40045215,0.45557809
-0.021075,2.40547728,0.45557809
-0.02105,2.41552753,0.45557809
-0.021025,2.40547728,0.45557809
-0.021,2.39542702,0.45557809
-0.020975,2.39542702,0.45557809
-0.02095,2.40045215,0.45557809
-0.020925,2.40547728,0.46060322
-0.0209,2.40547728,0.45557809
-0.020875,2.4105024,0.45557809
-0.02085,2.40547728,0.45055297
-0.020825,2.40045215,0.45557809
-0.0208,2.39542702,0.45557809
-0.020775,2.40547728,0.45557809
-0.02075,2.40547728,0.45557809
-0.020725,2.4105024,0.45557809
-0.0207,2.4105024,0.45557809
-0.020675,2.40045215,0.45557809
-0.02065,2.40547728,0.45557809
-0.020625,2.4105024,0.45557809
-0.0206,2.41552753,0.45557809
-0.020575,2.40547728,0.45557809
-0.02055,2.4105024,0.45557809
-0.020525,2.40547728,0.45557809
-0.0205,2.40547728,0.45557809
-0.020475,2.4105024,0.45557809
-0.02045,2.4105024,0.45557809
-0.020425,2.41552753,0.45557809
-0.0204,2.40547728,0.45557809
-0.020375,2.40547728,0.45557809
-0.02035,2.39542702,0.45557809
-0.020325,2.40547728,0.45557809
-0.0203,2.40045215,0.45055297
-0.020275,2.4105024,0.45557809
-0.02025,2.4105024,0.45557809
-0.020225,2.40547728,0.45557809
-0.0202,2.40547728,0.45055297
-0.020175,2.40045215,0.45557809
-0.02015,2.40547728,0.45557809
-0.020125,2.40547728,0.46060322
-0.0201,2.4105024,0.45557809
-0.020075,2.40547728,0.46060322
-0.02005,2.40547728,0.45055297
-0.020025,2.40045215,0.45557809
-0.02,0.33512554,1.6163821
-0.019975,0.33010041,2.35507556
-0.01995,0.33010041,2.45557807
-0.019925,0.33010041,2.4807037
-0.0199,0.33010041,2.48572883
-0.019875,0.33010041,2.49075395
-0.01985,0.33010041,2.5008042
-0.019825,0.32507529,2.50582933
-0.0198,0.33010041,2.50582933
-0.019775,0.32507529,2.50582933
-0.01975,0.33010041,2.5008042
-0.019725,0.33010041,2.49577908
-0.0197,0.33010041,2.5008042
-0.019675,0.33010041,2.51085445
-0.01965,0.33010041,2.50582933
-0.019625,0.33512554,2.51085445
-0.0196,0.33010041,2.50582933
-0.019575,0.33010041,2.50582933
-0.01955,0.33512554,2.50582933
-0.019525,0.33512554,2.51085445
-0.0195,0.33010041,2.50582933
-0.019475,0.33512554,2.51085445
-0.01945,0.33010041,2.51085445
-0.019425,0.33010041,2.50582933
-0.0194,0.33512554,2.51085445
-0.019375,0.33512554,2.51587958
-0.01935,0.33010041,2.51085445
-0.019325,0.33010041,2.51587958
-0.0193,0.33512554,2.51587958
-0.019275,0.33010041,2.51587958
-0.01925,0.33512554,2.51085445
-0.019225,0.33512554,2.51587958
-0.0192,0.33010041,2.52090471
-0.019175,0.33512554,2.52090471
-0.01915,0.33010041,2.51587958
-0.019125,0.33512554,2.51587958
-0.0191,0.33512554,2.51587958
-0.019075,0.33010041,2.52090471
-0.01905,0.33010041,2.51587958
-0.019025,0.33010041,2.51587958
-0.019,0.33010041,2.51587958
-0.018975,0.33010041,2.52090471
-0.01895,0.33010041,2.51587958
-0.018925,0.32507529,2.51587958
-0.0189,0.33010041,2.51587958
-0.018875,0.33512554,2.51587958
-0.01885,0.33512554,2.51085445
-0.018825,0.33512554,2.52090471
-0.0188,0.33512554,2.51587958
-0.018775,0.33512554,2.51587958
-0.01875,0.33512554,2.51085445
-0.018725,0.33512554,2.51587958
-0.0187,0.33512554,2.51085445
-0.018675,0.33010041,2.51085445
-0.01865,0.33512554,2.51587958
-0.018625,0.33512554,2.51587958
-0.0186,0.33512554,2.51587958
-0.018575,0.33512554,2.51587958
-0.01855,0.33512554,2.51587958
-0.018525,0.33512554,2.51587958
-0.0185,0.33512554,2.51587958
-0.018475,0.33010041,2.51587958
-0.01845,0.33512554,2.51587958
-0.018425,0.33512554,2.51587958
-0.0184,0.33512554,2.51587958
-0.018375,0.33512554,2.52090471
-0.01835,0.33512554,2.51587958
-0.018325,0.33512554,2.52090471
-0.0183,0.33512554,2.51085445
-0.018275,0.33512554,2.51587958
-0.01825,0.33010041,2.51587958
-0.018225,0.33512554,2.51587958
-0.0182,0.33512554,2.51587958
-0.018175,0.33512554,2.51587958
-0.01815,0.33512554,2.51085445
-0.018125,0.33010041,2.51587958
-0.0181,0.34015066,2.51587958
-0.018075,0.33010041,2.51085445
-0.01805,0.33512554,2.51587958
-0.018025,0.33512554,2.51085445
-0.018,0.33512554,2.51587958
-0.017975,0.33512554,2.51587958
-0.01795,0.33010041,2.51587958
-0.017925,0.33512554,2.51085445
-0.0179,0.33512554,2.51587958
-0.017875,0.33010041,2.51587958
-0.01785,0.33010041,2.51587958
-0.017825,0.33010041,2.51587958
-0.0178,0.33512554,2.51587958
-0.017775,0.33010041,2.51085445
-0.01775,0.33512554,2.51085445
-0.017725,0.33512554,2.51587958
-0.0177,0.33512554,2.51587958
-0.017675,0.33512554,2.51587958
-0.01765,0.33010041,2.51085445
-0.017625,0.33512554,2.51085445
-0.0176,0.33010041,2.51085445
-0.017575,0.33512554,2.51587958
-0.01755,0.33010041,2.51587958
-0.017525,0.33512554,2.51587958
-0.0175,0.33512554,2.51085445
-0.017475,0.33512554,2.51085445
-0.01745,0.33512554,2.51085445
-0.017425,0.33512554,2.51085445
-0.0174,0.33512554,2.51587958
-0.017375,0.33512554,2.51587958
-0.01735,0.33512554,2.51085445
-0.017325,0.33512554,2.51085445
-0.0173,0.33512554,2.51085445
-0.017275,0.33512554,2.51587958
-0.01725,0.33010041,2.51085445
-0.017225,0.33512554,2.51587958
-0.0172,0.33512554,2.51587958
-0.017175,0.34015066,2.51085445
-0.01715,0.33512554,2.50582933
-0.017125,0.33512554,2.51085445
-0.0171,0.33512554,2.51587958
-0.017075,0.33010041,2.51085445
-0.01705,0.33512554,2.51587958
-0.017025,0.33512554,2.51085445
-0.017,0.33512554,2.50582933
-0.016975,0.33512554,2.51085445
-0.01695,0.33512554,2.51085445
-0.016925,0.33512554,2.51587958
-0.0169,0.33512554,2.51587958
-0.016875,0.33512554,2.51085445
-0.01685,0.33512554,2.50582933
-0.016825,0.34015066,2.51085445
-0.0168,0.33512554,2.51085445
-0.016775,0.34015066,2.52090471
-0.01675,0.33512554,2.51587958
-0.016725,0.33512554,2.51085445
-0.0167,0.33512554,2.50582933
-0.016675,0.33512554,2.50582933
-0.01665,0.33512554,2.51085445
-0.016625,0.33512554,2.51587958
-0.0166,0.33512554,2.51587958
-0.016575,0.33010041,2.51085445
-0.01655,0.33512554,2.51085445
-0.016525,0.33512554,2.50582933
-0.0165,0.33512554,2.51085445
-0.016475,0.33512554,2.51587958
-0.01645,0.33512554,2.51085445
-0.016425,0.33512554,2.51587958
-0.0164,0.33512554,2.50582933
-0.016375,0.33512554,2.50582933
-0.01635,0.33512554,2.50582933
-0.016325,0.33010041,2.51587958
-0.0163,0.34015066,2.52090471
-0.016275,0.33512554,2.52090471
-0.01625,0.33512554,2.51587958
-0.016225,0.33512554,2.50582933
-0.0162,0.34015066,2.51085445
-0.016175,0.33512554,2.51085445
-0.01615,0.33512554,2.51587958
-0.016125,0.33512554,2.51587958
-0.0161,0.33512554,2.51085445
-0.016075,0.33512554,2.51085445
-0.01605,0.33512554,2.5008042
-0.016025,0.33512554,2.51085445
-0.016,1.47080392,0.45055297
-0.015975,2.31502501,0.45055297
-0.01595,2.38537677,0.45055297
-0.015925,2.40045215,0.45055297
-0.0159,2.40547728,0.45055297
-0.015875,2.4105024,0.45055297
-0.01585,2.41552753,0.45055297
-0.015825,2.42055265,0.45557809
-0.0158,2.41552753,0.45055297
-0.015775,2.4105024,0.45055297
-0.01575,2.40547728,0.45557809
-0.015725,2.4105024,0.45557809
-0.0157,2.40547728,0.45557809
-0.015675,2.4105024,0.45557809
-0.01565,2.40547728,0.45557809
-0.015625,2.4105024,0.45055297
-0.0156,2.39542702,0.45557809
-0.015575,2.39542702,0.45557809
-0.01555,2.40547728,0.45557809
-0.015525,2.4105024,0.45557809
-0.0155,2.4105024,0.45055297
-0.015475,2.40045215,0.45055297
-0.01545,2.39542702,0.45557809
-0.015425,2.39542702,0.45557809
-0.0154,2.40547728,0.45055297
-0.015375,2.40547728,0.45055297
-0.01535,2.4105024,0.45557809
-0.015325,2.4105024,0.45055297
-0.0153,2.40045215,0.45557809
-0.015275,2.39542702,0.45557809
-0.01525,2.40547728,0.45557809
-0.015225,2.4105024,0.45557809
-0.0152,2.40547728,0.45557809
-0.015175,2.4105024,0.45557809
-0.01515,2.39542702,0.45557809
-0.015125,2.40045215,0.45055297
-0.0151,2.40045215,0.45557809
-0.015075,2.40547728,0.45055297
-0.01505,2.4105024,0.45055297
-0.015025,2.40547728,0.45055297
-0.015,2.40045215,0.45557809
-0.014975,2.3904019,0.45557809
-0.01495,2.40045215,0.45557809
-0.014925,2.39542702,0.45055297
-0.0149,2.40045215,0.45557809
-0.014875,2.40045215,0.45557809
-0.01485,2.40045215,0.45557809
-0.014825,2.39542702,0.45557809
-0.0148,2.3904019,0.45557809
-0.014775,2.40045215,0.45055297
-0.01475,2.39542702,0.45055297
-0.014725,2.40547728,0.45055297
-0.0147,2.40045215,0.45557809
-0.014675,2.39542702,0.45557809
-0.01465,2.39542702,0.45055297
-0.014625,2.39542702,0.45557809
-0.0146,2.40045215,0.45557809
-0.014575,2.40045215,0.45557809
-0.01455,2.40045215,0.45557809
-0.014525,2.39542702,0.45557809
-0.0145,2.39542702,0.45557809
-0.014475,2.39542702,0.45557809
-0.01445,2.40045215,0.45055297
-0.014425,2.40045215,0.45557809
-0.0144,2.39542702,0.45557809
-0.014375,2.40045215,0.45055297
-0.01435,2.3904019,0.45557809
-0.014325,2.39542702,0.45557809
-0.0143,2.40045215,0.46060322
-0.014275,2.40045215,0.45557809
-0.01425,2.40045215,0.45557809
-0.014225,2.39542702,0.45557809
-0.0142,2.39542702,0.45557809
-0.014175,2.38537677,0.45557809
-0.01415,2.39542702,0.45557809
-0.014125,2.40045215,0.45557809
-0.0141,2.40045215,0.46060322
-0.014075,2.39542702,0.45557809
-0.01405,2.3904019,0.45557809
-0.014025,2.3904019,0.46060322
-0.014,2.38537677,0.45557809
-0.013975,2.40045215,0.45557809
-0.01395,2.40045215,0.45557809
-0.013925,2.40045215,0.45557809
-0.0139,2.3904019,0.45055297
-0.013875,2.39542702,0.46060322
-0.01385,2.3904019,0.45557809
-0.013825,2.40045215,0.45557809
-0.0138,2.40045215,0.45557809
-0.013775,2.40045215,0.45557809
-0.01375,2.3904019,0.45557809
-0.013725,2.38537677,0.45557809
-0.0137,2.39542702,0.45557809
-0.013675,2.39542702,0.45557809
-0.01365,2.40045215,0.45557809
-0.013625,2.40045215,0.45557809
-0.0136,2.39542702,0.45557809
-0.013575,2.3904019,0.45557809
-0.01355,2.38537677,0.45557809
-0.013525,2.39542702,0.45557809
-0.0135,2.39542702,0.45557809
-0.013475,2.39542702,0.45557809
-0.01345,2.39542702,0.45055297
-0.013425,2.3904019,0.45557809
-0.0134,2.3904019,0.45055297
-0.013375,2.38537677,0.45557809
-0.01335,2.39542702,0.45557809
-0.013325,2.40045215,0.45055297
-0.0133,2.39542702,0.45557809
-0.013275,2.3904019,0.45557809
-0.01325,2.3904019,0.45557809
-0.013225,2.3904019,0.45055297
-0.0132,2.40045215,0.46060322
-0.013175,2.39542702,0.45557809
-0.01315,2.39542702,0.45557809
-0.013125,2.3904019,0.45557809
-0.0131,2.38035165,0.45557809
-0.013075,2.3904019,0.45557809
-0.01305,2.39542702,0.45557809
-0.013025,2.39542702,0.45557809
-0.013,2.40045215,0.45557809
-0.012975,2.3904019,0.45557809
-0.01295,2.3904019,0.45557809
-0.012925,2.3904019,0.45055297
-0.0129,2.39542702,0.45557809
-0.012875,2.39542702,0.45557809
-0.01285,2.39542702,0.45055297
-0.012825,2.3904019,0.45557809
-0.0128,2.38537677,0.45557809
-0.012775,2.38537677,0.45557809
-0.01275,2.3904019,0.45557809
-0.012725,2.39542702,0.45557809
-0.0127,2.3904019,0.45557809
-0.012675,2.3904019,0.45557809
-0.01265,2.38537677,0.45557809
-0.012625,2.3904019,0.45557809
-0.0126,2.3904019,0.45557809
-0.012575,2.39542702,0.45557809
-0.01255,2.40045215,0.46060322
-0.012525,2.3904019,0.45557809
-0.0125,2.38537677,0.45557809
-0.012475,2.38537677,0.46060322
-0.01245,2.3904019,0.45557809
-0.012425,2.3904019,0.46060322
-0.0124,2.39542702,0.45557809
-0.012375,2.39542702,0.45557809
-0.01235,2.38537677,0.45557809
-0.012325,2.3904019,0.45557809
-0.0123,2.38035165,0.46060322
-0.012275,2.39542702,0.45557809
-0.01225,2.39542702,0.46060322
-0.012225,2.39542702,0.45557809
-0.0122,2.39542702,0.45557809
-0.012175,2.38537677,0.46060322
-0.01215,2.38537677,0.45557809
-0.012125,2.38537677,0.45557809
-0.0121,2.39542702,0.45557809
-0.012075,2.38537677,0.45557809
-0.01205,2.3904019,0.46060322
-0.012025,2.38537677,0.45557809
-0.012,0.33010041,1.60130673
-0.011975,0.33010041,2.35005044
-0.01195,0.32507529,2.44552782
-0.011925,0.32507529,2.47567858
-0.0119,0.33010041,2.48572883
-0.011875,0.33010041,2.49075395
-0.01185,0.33512554,2.48572883
-0.011825,0.33010041,2.48572883
-0.0118,0.33010041,2.49075395
-0.011775,0.33010041,2.49577908
-0.01175,0.33010041,2.5008042
-0.011725,0.33512554,2.5008042
-0.0117,0.33010041,2.49577908
-0.011675,0.33010041,2.49075395
-0.01165,0.33010041,2.49577908
-0.011625,0.33512554,2.5008042
-0.0116,0.33512554,2.50582933
-0.011575,0.33512554,2.49577908
-0.01155,0.33010041,2.5008042
-0.011525,0.33010041,2.49577908
-0.0115,0.33010041,2.49577908
-0.011475,0.33512554,2.5008042
-0.01145,0.33512554,2.50582933
-0.011425,0.33512554,2.51085445
-0.0114,0.33512554,2.49577908
-0.011375,0.33512554,2.5008042
-0.01135,0.33512554,2.49577908
-0.011325,0.33512554,2.5008042
-0.0113,0.33010041,2.50582933
-0.011275,0.33512554,2.51085445
-0.01125,0.33010041,2.5008042
-0.011225,0.33010041,2.49577908
-0.0112,0.33010041,2.50582933
-0.011175,0.33010041,2.50582933
-0.01115,0.33512554,2.50582933
-0.011125,0.33512554,2.51085445
-0.0111,0.33010041,2.5008042
-0.011075,0.33010041,2.50582933
-0.01105,0.33512554,2.49577908
-0.011025,0.33512554,2.50582933
-0.011,0.33512554,2.51085445
-0.010975,0.33010041,2.51587958
-0.01095,0.33010041,2.51085445
-0.010925,0.33512554,2.50582933
-0.0109,0.33010041,2.5008042
-0.010875,0.33010041,2.49577908
-0.01085,0.33010041,2.50582933
-0.010825,0.33010041,2.51085445
-0.0108,0.33512554,2.51085445
-0.010775,0.33512554,2.5008042
-0.01075,0.33512554,2.50582933
-0.010725,0.33512554,2.5008042
-0.0107,0.33512554,2.50582933
-0.010675,0.33010041,2.50582933
-0.01065,0.33010041,2.50582933
-0.010625,0.33010041,2.5008042
-0.0106,0.33512554,2.49577908
-0.010575,0.33512554,2.5008042
-0.01055,0.33010041,2.5008042
-0.010525,0.33010041,2.51085445
-0.0105,0.33010041,2.50582933
-0.010475,0.33512554,2.51085445
-0.01045,0.33512554,2.5008042
-0.010425,0.33010041,2.49075395
-0.0104,0.33010041,2.5008042
-0.010375,0.33512554,2.5008042
-0.01035,0.33512554,2.51085445
-0.010325,0.33010041,2.50582933
-0.0103,0.33010041,2.5008042
-0.010275,0.33010041,2.5008042
-0.01025,0.33512554,2.5008042
-0.010225,0.33512554,2.50582933
-0.0102,0.33512554,2.50582933
-0.010175,0.33512554,2.51085445
-0.01015,0.33010041,2.5008042
-0.010125,0.33512554,2.50582933
-0.0101,0.33512554,2.5008042
-0.010075,0.33512554,2.5008042
-0.01005,0.33010041,2.51085445
-0.010025,0.33512554,2.51085445
-0.01,0.33512554,2.50582933
-0.009975,0.33512554,2.5008042
-0.00995,0.33010041,2.5008042
-0.009925,0.33010041,2.5008042
-0.0099,0.33512554,2.51085445
-0.009875,0.33512554,2.51085445
-0.00985,0.34015066,2.51085445
-0.009825,0.34015066,2.5008042
-0.0098,0.33010041,2.5008042
-0.009775,0.33010041,2.50582933
-0.00975,0.33512554,2.51085445
-0.009725,0.33512554,2.51085445
-0.0097,0.33512554,2.51085445
-0.009675,0.33512554,2.50582933
-0.00965,0.33512554,2.51085445
-0.009625,0.33010041,2.50582933
-0.0096,0.33512554,2.51085445
-0.009575,0.33512554,2.51085445
-0.00955,0.33010041,2.51085445
-0.009525,0.33512554,2.50582933
-0.0095,0.33512554,2.50582933
-0.009475,0.33512554,2.50582933
-0.00945,0.33512554,2.50582933
-0.009425,0.33512554,2.51085445
-0.0094,0.33512554,2.51085445
-0.009375,0.33512554,2.51085445
-0.00935,0.33512554,2.50582933
-0.009325,0.33512554,2.50582933
-0.0093,0.33512554,2.5008042
-0.009275,0.33512554,2.50582933
-0.00925,0.33010041,2.50582933
-0.009225,0.33512554,2.50582933
-0.0092,0.33512554,2.50582933
-0.009175,0.33512554,2.5008042
-0.00915,0.33512554,2.51085445
-0.009125,0.33512554,2.50582933
-0.0091,0.33512554,2.51085445
-0.009075,0.33512554,2.5008042
-0.00905,0.33512554,2.50582933
-0.009025,0.33010041,2.50582933
-0.009,0.33512554,2.51085445
-0.008975,0.33010041,2.51085445
-0.00895,0.33010041,2.51085445
-0.008925,0.33512554,2.51085445
-0.0089,0.33512554,2.51085445
-0.008875,0.33512554,2.51085445
-0.00885,0.34015066,2.51085445
-0.008825,0.33512554,2.50582933
-0.0088,0.33512554,2.51085445
-0.008775,0.33512554,2.50582933
-0.00875,0.33010041,2.51085445
-0.008725,0.33010041,2.51085445
-0.0087,0.33010041,2.51085445
-0.008675,0.33512554,2.51085445
-0.00865,0.33512554,2.50582933
-0.008625,0.33512554,2.51085445
-0.0086,0.33010041,2.51085445
-0.008575,0.33010041,2.50582933
-0.00855,0.33512554,2.50582933
-0.008525,0.33512554,2.50582933
-0.0085,0.33010041,2.50582933
-0.008475,0.33512554,2.51085445
-0.00845,0.33010041,2.50582933
-0.008425,0.33010041,2.51085445
-0.0084,0.33512554,2.51085445
-0.008375,0.33512554,2.51085445
-0.00835,0.33512554,2.50582933
-0.008325,0.33512554,2.50582933
-0.0083,0.33010041,2.51085445
-0.008275,0.33010041,2.50582933
-0.00825,0.33512554,2.50582933
-0.008225,0.33512554,2.51085445
-0.0082,0.33512554,2.51085445
-0.008175,0.33512554,2.50582933
-0.00815,0.33512554,2.51085445
-0.008125,0.33512554,2.51085445
-0.0081,0.33512554,2.51085445
-0.008075,0.33512554,2.51085445
-0.00805,0.33010041,2.50582933
-0.008025,0.33512554,2.50582933
-0.008,1.44567829,0.45557809
-0.007975,2.29994964,0.45055297
-0.00795,2.38537677,0.44552784
-0.007925,2.40547728,0.45055297
-0.0079,2.40547728,0.45055297
-0.007875,2.40547728,0.44552784
-0.00785,2.4105024,0.45055297
-0.007825,2.4105024,0.45055297
-0.0078,2.4105024,0.45557809
-0.007775,2.4105024,0.45055297
-0.00775,2.4105024,0.45557809
-0.007725,2.4105024,0.45055297
-0.0077,2.4105024,0.45055297
-0.007675,2.40547728,0.45055297
-0.00765,2.40045215,0.45055297
-0.007625,2.40547728,0.45557809
-0.0076,2.40547728,0.45055297
-0.007575,2.40547728,0.45557809
-0.00755,2.40547728,0.45557809
-0.007525,2.40045215,0.45557809
-0.0075,2.40547728,0.45557809
-0.007475,2.40547728,0.45055297
-0.00745,2.40547728,0.45557809
-0.007425,2.40547728,0.45055297
-0.0074,2.40045215,0.45055297
-0.007375,2.40045215,0.45055297
-0.00735,2.40045215,0.45055297
-0.007325,2.40547728,0.45055297
-0.0073,2.4105024,0.45557809
-0.007275,2.40547728,0.45557809
-0.00725,2.39542702,0.45557809
-0.007225,2.40045215,0.45055297
-0.0072,2.40045215,0.45055297
-0.007175,2.40547728,0.45055297
-0.00715,2.40045215,0.45055297
-0.007125,2.40547728,0.45055297
-0.0071,2.40045215,0.45557809
-0.007075,2.39542702,0.45557809
-0.00705,2.40045215,0.45557809
-0.007025,2.40547728,0.45557809
-0.007,2.40547728,0.45055297
-0.006975,2.40547728,0.45055297
-0.00695,2.40045215,0.45557809
-0.006925,2.40045215,0.45055297
-0.0069,2.39542702,0.45557809
-0.006875,2.40547728,0.45055297
-0.00685,2.40547728,0.45055297
-0.006825,2.40547728,0.45055297
-0.0068,2.40045215,0.45055297
-0.006775,2.39542702,0.45055297
-0.00675,2.39542702,0.45055297
-0.006725,2.40547728,0.45055297
-0.0067,2.4105024,0.45055297
-0.006675,2.40547728,0.45557809
-0.00665,2.40045215,0.45055297
-0.006625,2.39542702,0.45055297
-0.0066,2.3904019,0.45557809
-0.006575,2.40045215,0.45055297
-0.00655,2.40547728,0.45055297
-0.006525,2.40547728,0.45557809
-0.0065,2.40045215,0.45055297
-0.006475,2.39542702,0.45055297
-0.00645,2.40045215,0.45557809
-0.006425,2.40045215,0.45055297
-0.0064,2.40547728,0.45557809
-0.006375,2.40547728,0.45557809
-0.00635,2.40547728,0.45557809
-0.006325,2.40045215,0.45055297
-0.0063,2.3904019,0.45055297
-0.006275,2.40045215,0.45055297
-0.00625,2.40045215,0.45557809
-0.006225,2.4105024,0.45055297
-0.0062,2.40045215,0.45055297
-0.006175,2.40045215,0.45557809
-0.00615,2.38537677,0.45055297
-0.006125,2.39542702,0.45557809
-0.0061,2.39542702,0.46060322
-0.006075,2.40547728,0.45557809
-0.00605,2.40547728,0.45557809
-0.006025,2.40045215,0.45557809
-0.006,2.3904019,0.45557809
-0.005975,2.3904019,0.45557809
-0.00595,2.39542702,0.45557809
-0.005925,2.40547728,0.45557809
-0.0059,2.40547728,0.45557809
-0.005875,2.40045215,0.45557809
-0.00585,2.3904019,0.46060322
-0.005825,2.39542702,0.45557809
-0.0058,2.39542702,0.45557809
-0.005775,2.40547728,0.45557809
-0.00575,2.40547728,0.45557809
-0.005725,2.40547728,0.45557809
-0.0057,2.40045215,0.45557809
-0.005675,2.39542702,0.45557809
-0.00565,2.39542702,0.46060322
-0.005625,2.39542702,0.45557809
-0.0056,2.41552753,0.45557809
-0.005575,2.40547728,0.45055297
-0.00555,2.40547728,0.45557809
-0.005525,2.3904019,0.45557809
-0.0055,2.3904019,0.45557809
-0.005475,2.40045215,0.45557809
-0.00545,2.40045215,0.45557809
-0.005425,2.41552753,0.45557809
-0.0054,2.40547728,0.45557809
-0.005375,2.40045215,0.45557809
-0.00535,2.39542702,0.45055297
-0.005325,2.39542702,0.45557809
-0.0053,2.40547728,0.45557809
-0.005275,2.40547728,0.45557809
-0.00525,2.40547728,0.45557809
-0.005225,2.39542702,0.45557809
-0.0052,2.3904019,0.45557809
-0.005175,2.3904019,0.45557809
-0.00515,2.40045215,0.45557809
-0.005125,2.40547728,0.45557809
-0.0051,2.40045215,0.45557809
-0.005075,2.39542702,0.45557809
-0.00505,2.3904019,0.45557809
-0.005025,2.3904019,0.45557809
-0.005,2.40045215,0.45055297
-0.004975,2.40547728,0.45557809
-0.00495,2.39542702,0.45557809
-0.004925,2.40045215,0.45557809
-0.0049,2.39542702,0.45557809
-0.004875,2.39542702,0.45557809
-0.00485,2.40045215,0.45557809
-0.004825,2.40045215,0.45557809
-0.0048,2.40045215,0.45557809
-0.004775,2.39542702,0.45557809
-0.00475,2.39542702,0.45557809
-0.004725,2.3904019,0.45557809
-0.0047,2.39542702,0.45557809
-0.004675,2.40045215,0.45557809
-0.00465,2.40045215,0.45557809
-0.004625,2.40547728,0.45557809
-0.0046,2.39542702,0.45557809
-0.004575,2.3904019,0.45557809
-0.00455,2.3904019,0.46060322
-0.004525,2.40045215,0.45557809
-0.0045,2.40045215,0.45557809
-0.004475,2.40045215,0.45557809
-0.00445,2.39542702,0.45557809
-0.004425,2.3904019,0.45557809
-0.0044,2.39542702,0.45557809
-0.004375,2.39542702,0.45557809
-0.00435,2.40547728,0.45557809
-0.004325,2.39542702,0.45557809
-0.0043,2.40045215,0.45557809
-0.004275,2.39542702,0.45055297
-0.00425,2.3904019,0.45557809
-0.004225,2.39542702,0.45055297
-0.0042,2.40547728,0.45557809
-0.004175,2.40547728,0.45055297
-0.00415,2.39542702,0.45557809
-0.004125,2.3904019,0.45557809
-0.0041,2.3904019,0.45557809
-0.004075,2.40045215,0.45557809
-0.00405,2.40547728,0.45055297
-0.004025,2.40547728,0.45557809
-0.004,0.33512554,1.5761811
-0.003975,0.33010041,2.35005044
-0.00395,0.32507529,2.44552782
-0.003925,0.33010041,2.47567858
-0.0039,0.33010041,2.49075395
-0.003875,0.33010041,2.49075395
-0.00385,0.32507529,2.49075395
-0.003825,0.32507529,2.49075395
-0.0038,0.33010041,2.49075395
-0.003775,0.33010041,2.49075395
-0.00375,0.33010041,2.5008042
-0.003725,0.33010041,2.51085445
-0.0037,0.33512554,2.50582933
-0.003675,0.33010041,2.5008042
-0.00365,0.33010041,2.5008042
-0.003625,0.33010041,2.5008042
-0.0036,0.33010041,2.50582933
-0.003575,0.33010041,2.50582933
-0.00355,0.33512554,2.51587958
-0.003525,0.33512554,2.50582933
-0.0035,0.33010041,2.5008042
-0.003475,0.33010041,2.50582933
-0.00345,0.33010041,2.50582933
-0.003425,0.33010041,2.51587958
-0.0034,0.33512554,2.51085445
-0.003375,0.33512554,2.51587958
-0.00335,0.33010041,2.50582933
-0.003325,0.33010041,2.50582933
-0.0033,0.33010041,2.51085445
-0.003275,0.33010041,2.51587958
-0.00325,0.33512554,2.51587958
-0.003225,0.33010041,2.51085445
-0.0032,0.33010041,2.50582933
-0.003175,0.33512554,2.5008042
-0.00315,0.33010041,2.51085445
-0.003125,0.33010041,2.51587958
-0.0031,0.33010041,2.52090471
-0.003075,0.33010041,2.51587958
-0.00305,0.33010041,2.50582933
-0.003025,0.33010041,2.50582933
-0.003,0.33010041,2.51085445
-0.002975,0.33512554,2.51587958
-0.00295,0.33010041,2.52090471
-0.002925,0.33010041,2.52090471
-0.0029,0.33512554,2.51085445
-0.002875,0.33512554,2.50582933
-0.00285,0.33512554,2.50582933
-0.002825,0.33512554,2.51085445
-0.0028,0.33010041,2.51587958
-0.002775,0.33010041,2.51587958
-0.00275,0.33010041,2.51587958
-0.002725,0.33010041,2.51085445
-0.0027,0.33512554,2.51085445
-0.002675,0.33010041,2.52090471
-0.00265,0.33512554,2.52592983
-0.002625,0.33010041,2.52090471
-0.0026,0.33010041,2.52090471
-0.002575,0.33010041,2.51587958
-0.00255,0.33010041,2.51085445
-0.002525,0.33010041,2.51587958
-0.0025,0.33010041,2.51587958
-0.002475,0.33010041,2.52592983
-0.00245,0.33010041,2.51587958
-0.002425,0.33010041,2.51085445
-0.0024,0.33010041,2.51085445
-0.002375,0.33512554,2.51085445
-0.00235,0.33512554,2.51587958
-0.002325,0.33512554,2.51587958
-0.0023,0.33010041,2.52592983
-0.002275,0.33010041,2.51587958
-0.00225,0.33010041,2.51085445
-0.002225,0.33512554,2.51085445
-0.0022,0.33512554,2.51587958
-0.002175,0.33010041,2.51587958
-0.00215,0.33010041,2.52090471
-0.002125,0.33512554,2.52090471
-0.0021,0.33010041,2.51085445
-0.002075,0.33010041,2.51587958
-0.00205,0.33512554,2.51587958
-0.002025,0.33010041,2.52592983
-0.002,0.33010041,2.52090471
-0.001975,0.33010041,2.52090471
-0.00195,0.33512554,2.52090471
-0.001925,0.33512554,2.51085445
-0.0019,0.33512554,2.51587958
-0.001875,0.33010041,2.51587958
-0.00185,0.33512554,2.52592983
-0.001825,0.33512554,2.52090471
-0.0018,0.33010041,2.52090471
-0.001775,0.33010041,2.51085445
-0.00175,0.33010041,2.51587958
-0.001725,0.33512554,2.51587958
-0.0017,0.33010041,2.52090471
-0.001675,0.33010041,2.52592983
-0.00165,0.33512554,2.51587958
-0.001625,0.33010041,2.51587958
-0.0016,0.33512554,2.50582933
-0.001575,0.33010041,2.51587958
-0.00155,0.33010041,2.52090471
-0.001525,0.33512554,2.52090471
-0.0015,0.33010041,2.52090471
-0.001475,0.33512554,2.51587958
-0.00145,0.33010041,2.51085445
-0.001425,0.33010041,2.51587958
-0.0014,0.33010041,2.52090471
-0.001375,0.33010041,2.52090471
-0.00135,0.33010041,2.52090471
-0.001325,0.33010041,2.51587958
-0.0013,0.33512554,2.51085445
-0.001275,0.33010041,2.51587958
-0.00125,0.33010041,2.51587958
-0.001225,0.33512554,2.52592983
-0.0012,0.33512554,2.52090471
-0.001175,0.33512554,2.52090471
-0.00115,0.33512554,2.51085445
-0.001125,0.33010041,2.51085445
-0.0011,0.33512554,2.51587958
-0.001075,0.33512554,2.52090471
-0.00105,0.33010041,2.52592983
-0.001025,0.33010041,2.51587958
-0.001,0.33512554,2.51587958
-0.000975,0.33010041,2.51085445
-0.00095,0.33512554,2.51587958
-0.000925,0.33512554,2.52090471
-0.0009,0.33512554,2.52090471
-0.000875,0.33010041,2.52090471
-0.00085,0.33512554,2.51587958
-0.000825,0.33512554,2.51587958
-0.0008,0.33010041,2.51587958
-0.000775,0.33512554,2.52090471
-0.00075,0.33512554,2.52090471
-0.000725,0.34015066,2.52090471
-0.0007,0.33512554,2.51587958
-0.000675,0.33512554,2.51587958
-0.00065,0.33512554,2.52090471
-0.000625,0.33512554,2.52090471
-0.0006,0.33512554,2.53095496
-0.000575,0.33512554,2.53095496
-0.00055,0.33512554,2.52592983
-0.000525,0.33512554,2.52090471
-0.0005,0.33010041,2.51587958
-0.000475,0.33010041,2.52090471
-0.00045,0.33512554,2.52090471
-0.000425,0.33010041,2.53095496
-0.0004,0.33512554,2.52592983
-0.000375,0.33010041,2.52592983
-0.00035,0.33512554,2.51587958
-0.000325,0.33512554,2.52090471
-0.0003,0.33512554,2.52090471
-0.000275,0.33512554,2.53095496
-0.00025,0.33512554,2.53095496
-0.000225,0.33512554,2.52090471
-0.0002,0.33010041,2.52090471
-0.000175,0.33512554,2.51587958
-0.00015,0.33512554,2.52592983
-0.000125,0.33512554,2.52090471
-0.0001,0.33512554,2.52592983
-7.5e-05,0.33512554,2.52090471
-5e-05,0.33512554,2.52090471
-2.5e-05,0.33512554,2.51587958
0.0,1.45572854,0.46060322
2.5e-05,2.30999989,0.45055297
5e-05,2.3904019,0.45055297
7.5e-05,2.41552753,0.45055297
0.0001,2.41552753,0.45055297
0.000125,2.42055265,0.45055297
0.00015,2.42055265,0.45055297
0.000175,2.42557778,0.45055297
0.0002,2.42557778,0.45055297
0.000225,2.42055265,0.45557809
0.00025,2.42055265,0.45557809
0.000275,2.41552753,0.45055297
0.0003,2.41552753,0.45557809
0.000325,2.42055265,0.45557809
0.00035,2.42055265,0.45055297
0.000375,2.42055265,0.45557809
0.0004,2.41552753,0.45557809
0.000425,2.41552753,0.45557809
0.00045,2.4105024,0.45557809
0.000475,2.41552753,0.45557809
0.0005,2.41552753,0.45557809
0.000525,2.41552753,0.45055297
0.00055,2.4105024,0.45557809
0.000575,2.41552753,0.45557809
0.0006,2.4105024,0.45557809
0.000625,2.4105024,0.45055297
0.00065,2.41552753,0.45557809
0.000675,2.41552753,0.46060322
0.0007,2.41552753,0.45557809
0.000725,2.4105024,0.45557809
0.00075,2.4105024,0.45055297
0.000775,2.4105024,0.45557809
0.0008,2.4105024,0.45557809
0.000825,2.4105024,0.45055297
0.00085,2.4105024,0.45557809
0.000875,2.41552753,0.45557809
0.0009,2.41552753,0.45557809
0.000925,2.4105024,0.45557809
0.00095,2.41552753,0.45055297
0.000975,2.4105024,0.45055297
0.001,2.41552753,0.45557809
0.001025,2.4105024,0.45557809
0.00105,2.41552753,0.45557809
0.001075,2.4105024,0.45557809
0.0011,2.40547728,0.45557809
0.001125,2.4105024,0.45557809
0.00115,2.4105024,0.45557809
0.001175,2.4105024,0.45557809
0.0012,2.4105024,0.45055297
0.001225,2.40045215,0.45557809
0.00125,2.40547728,0.45055297
0.001275,2.4105024,0.45055297
0.0013,2.4105024,0.45557809
0.001325,2.4105024,0.45557809
0.00135,2.40547728,0.45557809
0.001375,2.40547728,0.45557809
0.0014,2.40547728,0.45557809
0.001425,2.40547728,0.45557809
0.00145,2.40547728,0.45557809
0.001475,2.40547728,0.45557809
0.0015,2.40547728,0.45557809
0.001525,2.40547728,0.45557809
0.00155,2.4105024,0.45055297
0.001575,2.4105024,0.45557809
0.0016,2.40547728,0.45055297
0.001625,2.40547728,0.45055297
0.00165,2.40547728,0.45557809
0.001675,2.40547728,0.45557809
0.0017,2.40045215,0.45055297
0.001725,2.4105024,0.45055297
0.00175,2.40045215,0.45557809
0.001775,2.40045215,0.45557809
0.0018,2.40547728,0.45557809
0.001825,2.40547728,0.45557809
0.00185,2.40547728,0.45557809
0.001875,2.40045215,0.45557809
0.0019,2.40045215,0.45557809
0.001925,2.40547728,0.45055297
0.00195,2.40045215,0.45055297
0.001975,2.4105024,0.45557809
0.002,2.40547728,0.45557809
0.002025,2.40045215,0.45055297
0.00205,2.39542702,0.46060322
0.002075,2.40045215,0.45557809
0.0021,2.40045215,0.45055297
0.002125,2.39542702,0.45557809
0.00215,2.40045215,0.45557809
0.002175,2.40045215,0.45557809
0.0022,2.40045215,0.45557809
0.002225,2.40547728,0.45557809
0.00225,2.40045215,0.45557809
0.002275,2.40547728,0.45557809
0.0023,2.40547728,0.45557809
0.002325,2.40547728,0.45557809
0.00235,2.39542702,0.45557809
0.002375,2.40045215,0.45055297
0.0024,2.39542702,0.45557809
0.002425,2.40045215,0.45557809
0.00245,2.40547728,0.45557809
0.002475,2.40045215,0.45055297
0.0025,2.3904019,0.45055297
0.002525,2.3904019,0.45055297
0.00255,2.39542702,0.45557809
0.002575,2.40045215,0.45557809
0.0026,2.40045215,0.45557809
0.002625,2.40045215,0.45557809
0.00265,2.39542702,0.45557809
0.002675,2.39542702,0.45557809
0.0027,2.39542702,0.45055297
0.002725,2.40045215,0.45557809
0.00275,2.40045215,0.45557809
0.002775,2.39542702,0.45557809
0.0028,2.3904019,0.45557809
0.002825,2.38537677,0.45557809
0.00285,2.38537677,0.45557809
0.002875,2.39542702,0.45557809
0.0029,2.40045215,0.45557809
0.002925,2.39542702,0.45557809
0.00295,2.39542702,0.45055297
0.002975,2.3904019,0.45055297
0.003,2.3904019,0.45055297
0.003025,2.3904019,0.45557809
0.00305,2.40045215,0.45557809
0.003075,2.39542702,0.45557809
0.0031,2.39542702,0.45557809
0.003125,2.3904019,0.45557809
0.00315,2.38537677,0.45557809
0.003175,2.3904019,0.45557809
0.0032,2.39542702,0.45557809
0.003225,2.40045215,0.45557809
0.00325,2.39542702,0.45557809
0.003275,2.3904019,0.45557809
0.0033,2.38537677,0.45557809
0.003325,2.38537677,0.45557809
0.00335,2.39542702,0.45055297
0.003375,2.39542702,0.45055297
0.0034,2.39542702,0.45557809
0.003425,2.38537677,0.45557809
0.00345,2.38537677,0.45055297
0.003475,2.38537677,0.45055297
0.0035,2.38537677,0.45557809
0.003525,2.40045215,0.45557809
0.00355,2.39542702,0.45557809
0.003575,2.39542702,0.45557809
0.0036,2.38035165,0.45557809
0.003625,2.3904019,0.45557809
0.00365,2.38537677,0.45557809
0.003675,2.40045215,0.45557809
0.0037,2.39542702,0.45055297
0.003725,2.3904019,0.45557809
0.00375,2.3904019,0.45557809
0.003775,2.38537677,0.45557809
0.0038,2.38537677,0.45557809
0.003825,2.3904019,0.45055297
0.00385,2.39542702,0.45557809
0.003875,2.39542702,0.45557809
0.0039,2.39542702,0.45557809
0.003925,2.38537677,0.45557809
0.00395,2.38035165,0.45557809
0.003975,2.3904019,0.45557809
0.004,0.34015066,1.59125647
0.004025,0.32507529,2.35507556
0.00405,0.32507529,2.4405027
0.004075,0.32507529,2.46562832
0.0041,0.32507529,2.47065345
0.004125,0.32507529,2.48572883
0.00415,0.32507529,2.49075395
0.004175,0.32507529,2.49577908
0.0042,0.32507529,2.49577908
0.004225,0.33010041,2.48572883
0.00425,0.33010041,2.48572883
0.004275,0.33512554,2.49075395
0.0043,0.32507529,2.49577908
0.004325,0.32507529,2.5008042
0.00435,0.32507529,2.5008042
0.004375,0.33010041,2.49577908
0.0044,0.33010041,2.48572883
0.004425,0.33010041,2.49075395
0.00445,0.32507529,2.49577908
0.004475,0.32507529,2.5008042
0.0045,0.32507529,2.50582933
0.004525,0.32507529,2.49577908
0.00455,0.33010041,2.49577908
0.004575,0.33010041,2.49075395
0.0046,0.33010041,2.5008042
0.004625,0.33010041,2.5008042
0.00465,0.32507529,2.51085445
0.004675,0.32507529,2.5008042
0.0047,0.33010041,2.5008042
0.004725,0.33010041,2.49577908
0.00475,0.33010041,2.49577908
0.004775,0.32507529,2.50582933
0.0048,0.32507529,2.50582933
0.004825,0.33010041,2.51085445
0.00485,0.33010041,2.49577908
0.004875,0.33010041,2.50582933
0.0049,0.33010041,2.5008042
0.004925,0.33010041,2.50582933
0.00495,0.33010041,2.50582933
0.004975,0.33010041,2.50582933
0.005,0.33010041,2.5008042
0.005025,0.33512554,2.49577908
0.00505,0.33010041,2.50582933
0.005075,0.33010041,2.5008042
0.0051,0.33010041,2.50582933
0.005125,0.33010041,2.51085445
0.00515,0.33010041,2.5008042
0.005175,0.33010041,2.5008042
0.0052,0.32507529,2.49577908
0.005225,0.33010041,2.50582933
0.00525,0.33010041,2.51085445
0.005275,0.32507529,2.51085445
0.0053,0.33010041,2.50582933
0.005325,0.33010041,2.50582933
0.00535,0.33010041,2.5008042
0.005375,0.33010041,2.5008042
0.0054,0.33010041,2.51085445
0.005425,0.33512554,2.50582933
0.00545,0.33010041,2.50582933
0.005475,0.33010041,2.5008042
0.0055,0.32507529,2.50582933
0.005525,0.33010041,2.50582933
0.00555,0.33010041,2.51085445
0.005575,0.33010041,2.51085445
0.0056,0.33512554,2.50582933
0.005625,0.33010041,2.51085445
0.00565,0.33010041,2.5008042
0.005675,0.33512554,2.50582933
0.0057,0.33010041,2.50582933
0.005725,0.33010041,2.51085445
0.00575,0.33010041,2.51085445
0.005775,0.33512554,2.5008042
0.0058,0.33010041,2.5008042
0.005825,0.32507529,2.49577908
0.00585,0.32507529,2.50582933
0.005875,0.33512554,2.51085445
0.0059,0.33010041,2.51085445
0.005925,0.33512554,2.50582933
0.00595,0.33010041,2.5008042
0.005975,0.33010041,2.5008042
0.006,0.33512554,2.5008042
0.006025,0.33010041,2.51085445
0.00605,0.33010041,2.50582933
0.006075,0.33010041,2.50582933
0.0061,0.33010041,2.5008042
0.006125,0.33010041,2.5008042
0.00615,0.33010041,2.50582933
0.006175,0.33010041,2.51085445
0.0062,0.33512554,2.51085445
0.006225,0.33010041,2.51085445
0.00625,0.33010041,2.50582933
0.006275,0.33512554,2.49577908
0.0063,0.33010041,2.5008042
0.006325,0.33010041,2.50582933
0.00635,0.33512554,2.51587958
0.006375,0.33010041,2.51587958
0.0064,0.33512554,2.50582933
0.006425,0.33512554,2.5008042
0.00645,0.32507529,2.5008042
0.006475,0.33010041,2.50582933
0.0065,0.33010041,2.51085445
0.006525,0.33512554,2.51085445
0.00655,0.33010041,2.5008042
0.006575,0.33512554,2.5008042
0.0066,0.33010041,2.5008042
0.006625,0.33010041,2.50582933
0.00665,0.33010041,2.51085445
0.006675,0.33512554,2.50582933
0.0067,0.33010041,2.50582933
0.006725,0.33010041,2.5008042
0.00675,0.33010041,2.50582933
0.006775,0.33010041,2.5008042
0.0068,0.33512554,2.50582933
0.006825,0.33010041,2.51085445
0.00685,0.33010041,2.50582933
0.006875,0.33010041,2.5008042
0.0069,0.33010041,2.5008042
0.006925,0.33010041,2.5008042
0.00695,0.33010041,2.51085445
0.006975,0.33010041,2.51085445
0.007,0.33512554,2.51085445
0.007025,0.33512554,2.50582933
0.00705,0.33010041,2.5008042
0.007075,0.33512554,2.49577908
0.0071,0.33512554,2.51085445
0.007125,0.33010041,2.51085445
0.00715,0.33010041,2.51085445
0.007175,0.33512554,2.50582933
0.0072,0.33512554,2.5008042
0.007225,0.33010041,2.5008042
0.00725,0.33010041,2.50582933
0.007275,0.33010041,2.51085445
0.0073,0.33010041,2.51085445
0.007325,0.33010041,2.50582933
0.00735,0.33010041,2.5008042
0.007375,0.33010041,2.5008042
0.0074,0.33512554,2.50582933
0.007425,0.33512554,2.5008042
0.00745,0.33010041,2.51085445
0.007475,0.33512554,2.50582933
0.0075,0.33512554,2.5008042
0.007525,0.33010041,2.49577908
0.00755,0.32507529,2.50582933
0.007575,0.32507529,2.5008042
0.0076,0.33010041,2.50582933
0.007625,0.33010041,2.50582933
0.00765,0.33010041,2.5008042
0.007675,0.33010041,2.5008042
0.0077,0.33010041,2.5008042
0.007725,0.33010041,2.51085445
0.00775,0.33010041,2.50582933
0.007775,0.33512554,2.50582933
0.0078,0.33010041,2.51085445
0.007825,0.33010041,2.5008042
0.00785,0.33010041,2.50582933
0.007875,0.32507529,2.50582933
0.0079,0.33010041,2.51587958
0.007925,0.33512554,2.51085445
0.00795,0.33512554,2.50582933
0.007975,0.33010041,2.5008042
0.008,1.42055266,0.45557809
0.008025,2.28989939,0.45055297
0.00805,2.37532652,0.45055297
0.008075,2.40045215,0.45055297
0.0081,2.40547728,0.45055297
0.008125,2.4105024,0.45055297
0.00815,2.40045215,0.45055297
0.008175,2.4105024,0.45055297
0.0082,2.40547728,0.45055297
0.008225,2.40547728,0.45055297
0.00825,2.4105024,0.45055297
0.008275,2.40547728,0.45055297
0.0083,2.40547728,0.45055297
0.008325,2.39542702,0.44552784
0.00835,2.40045215,0.45055297
0.008375,2.40045215,0.45055297
0.0084,2.40547728,0.45055297
0.008425,2.40045215,0.45055297
0.00845,2.40045215,0.45055297
0.008475,2.3904019,0.45055297
0.0085,2.39542702,0.45055297
0.008525,2.40547728,0.45055297
0.00855,2.40547728,0.45055297
0.008575,2.4105024,0.45055297
0.0086,2.3904019,0.45055297
0.008625,2.39542702,0.45055297
0.00865,2.39542702,0.45557809
0.008675,2.40045215,0.45055297
0.0087,2.40547728,0.45055297
0.008725,2.40045215,0.45055297
0.00875,2.40045215,0.45557809
0.008775,2.3904019,0.45055297
0.0088,2.39542702,0.45557809
0.008825,2.39542702,0.45055297
0.00885,2.40045215,0.45055297
0.008875,2.40045215,0.45557809
0.0089,2.3904019,0.45055297
0.008925,2.39542702,0.45055297
0.00895,2.3904019,0.45557809
0.008975,2.39542702,0.45557809
0.009,2.40045215,0.45055297
0.009025,2.40045215,0.45055297
0.00905,2.39542702,0.45055297
0.009075,2.39542702,0.45055297
0.0091,2.39542702,0.45055297
0.009125,2.3904019,0.45557809
0.00915,2.39542702,0.45055297
0.009175,2.39542702,0.45557809
0.0092,2.40045215,0.45055297
0.009225,2.39542702,0.45055297
0.00925,2.3904019,0.45055297
0.009275,2.38537677,0.45055297
0.0093,2.39542702,0.45055297
0.009325,2.39542702,0.44552784
0.00935,2.39542702,0.45055297
0.009375,2.3904019,0.45055297
0.0094,2.38035165,0.45557809
0.009425,2.3904019,0.45055297
0.00945,2.3904019,0.45055297
0.009475,2.39542702,0.45055297
0.0095,2.39542702,0.45055297
0.009525,2.3904019,0.45055297
0.00955,2.3904019,0.45055297
0.009575,2.38537677,0.45557809
0.0096,2.3904019,0.45055297
0.009625,2.3904019,0.45055297
0.00965,2.3904019,0.45055297
0.009675,2.3904019,0.44552784
0.0097,2.38537677,0.45557809
0.009725,2.38035165,0.45055297
0.00975,2.38035165,0.45055297
0.009775,2.39542702,0.45055297
0.0098,2.3904019,0.45557809
0.009825,2.39542702,0.45557809
0.00985,2.38537677,0.45055297
0.009875,2.38537677,0.45055297
0.0099,2.38537677,0.45055297
0.009925,2.3904019,0.45557809
0.00995,2.3904019,0.45055297
0.009975,2.3904019,0.44552784
0.01,2.3904019,0.45557809
0.010025,2.38035165,0.45055297
0.01005,2.38537677,0.45557809
0.010075,2.38537677,0.45055297
0.0101,2.3904019,0.45055297
0.010125,2.3904019,0.45557809
0.01015,2.38537677,0.45055297
0.010175,2.38537677,0.45055297
0.0102,2.38035165,0.45055297
0.010225,2.38537677,0.45055297
0.01025,2.3904019,0.45557809
0.010275,2.3904019,0.45557809
0.0103,2.39542702,0.45055297
0.010325,2.38537677,0.45557809
0.01035,2.38537677,0.45055297
0.010375,2.38035165,0.45055297
0.0104,2.38537677,0.45557809
0.010425,2.3904019,0.45055297
0.01045,2.38537677,0.45055297
0.010475,2.38537677,0.45055297
0.0105,2.3904019,0.45055297
0.010525,2.3904019,0.45557809
0.01055,2.3904019,0.45055297
0.010575,2.3904019,0.45055297
0.0106,2.38537677,0.45055297
0.010625,2.38537677,0.45557809
0.01065,2.38537677,0.45557809
0.010675,2.38035165,0.45055297
0.0107,2.38537677,0.45557809
0.010725,2.3904019,0.45055297
0.01075,2.38537677,0.45557809
0.010775,2.3904019,0.45055297
0.0108,2.38537677,0.45055297
0.010825,2.38035165,0.45055297
0.01085,2.38537677,0.45055297
0.010875,2.38537677,0.45557809
0.0109,2.38537677,0.45055297
0.010925,2.38537677,0.45557809
0.01095,2.38537677,0.45055297
0.010975,2.38537677,0.45557809
0.011,2.38537677,0.45557809
0.011025,2.3904019,0.45055297
0.01105,2.38537677,0.45055297
0.011075,2.3904019,0.45557809
0.0111,2.3904019,0.45557809
0.011125,2.38537677,0.45055297
0.01115,2.3904019,0.45055297
0.011175,2.3904019,0.45055297
0.0112,2.3904019,0.45557809
0.011225,2.3904019,0.45557809
0.01125,2.3904019,0.45055297
0.011275,2.38537677,0.45055297
0.0113,2.3904019,0.45055297
0.011325,2.38537677,0.45055297
0.01135,2.38537677,0.45557809
0.011375,2.38537677,0.45557809
0.0114,2.38537677,0.45557809
0.011425,2.38537677,0.45557809
0.01145,2.3904019,0.45055297
0.011475,2.38537677,0.45055297
0.0115,2.38035165,0.45557809
0.011525,2.38537677,0.45055297
0.01155,2.38537677,0.45557809
0.011575,2.38537677,0.45557809
0.0116,2.38035165,0.45557809
0.011625,2.3904019,0.45557809
0.01165,2.38537677,0.45557809
0.011675,2.38537677,0.45055297
0.0117,2.3904019,0.45055297
0.011725,2.3904019,0.45557809
0.01175,2.38537677,0.45055297
0.011775,2.38537677,0.45557809
0.0118,2.38537677,0.45055297
0.011825,2.3904019,0.45055297
0.01185,2.3904019,0.45557809
0.011875,2.3904019,0.45557809
0.0119,2.3904019,0.45557809
0.011925,2.38537677,0.45557809
0.01195,2.3904019,0.45557809
0.011975,2.3904019,0.46060322
0.012,0.34015066,1.5560806
0.012025,0.32507529,2.34000018
0.01205,0.32507529,2.44552782
0.012075,0.32507529,2.47065345
0.0121,0.32507529,2.47567858
0.012125,0.32507529,2.49075395
0.01215,0.32507529,2.48572883
0.012175,0.32507529,2.48572883
0.0122,0.32507529,2.49075395
0.012225,0.32507529,2.49577908
0.01225,0.32507529,2.49577908
0.012275,0.32507529,2.49075395
0.0123,0.32507529,2.49075395
0.012325,0.33010041,2.49075395
0.01235,0.32507529,2.49577908
0.012375,0.33010041,2.5008042
0.0124,0.33512554,2.5008042
0.012425,0.33010041,2.49577908
0.01245,0.33010041,2.49577908
0.012475,0.33010041,2.49577908
0.0125,0.32507529,2.5008042
0.012525,0.33010041,2.50582933
0.01255,0.32507529,2.5008042
0.012575,0.33010041,2.49577908
0.0126,0.33010041,2.49577908
0.012625,0.32507529,2.5008042
0.01265,0.33010041,2.50582933
0.012675,0.33010041,2.50582933
0.0127,0.33010041,2.50582933
0.012725,0.32507529,2.5008042
0.01275,0.33010041,2.5008042
0.012775,0.32507529,2.5008042
0.0128,0.33010041,2.50582933
0.012825,0.33010041,2.50582933
0.01285,0.33010041,2.51085445
0.012875,0.32507529,2.51085445
0.0129,0.32507529,2.50582933
0.012925,0.33010041,2.5008042
0.01295,0.32507529,2.5008042
0.012975,0.33010041,2.51085445
0.013,0.33010041,2.50582933
0.013025,0.33010041,2.51085445
0.01305,0.33010041,2.50582933
0.013075,0.33010041,2.49577908
0.0131,0.33010041,2.5008042
0.013125,0.33010041,2.50582933
0.01315,0.33010041,2.51587958
0.013175,0.33010041,2.50582933
0.0132,0.33010041,2.50582933
0.013225,0.33010041,2.5008042
0.01325,0.33010041,2.50582933
0.013275,0.33010041,2.51085445
0.0133,0.33010041,2.51085445
0.013325,0.33010041,2.51085445
0.01335,0.33010041,2.50582933
0.013375,0.33010041,2.5008042
0.0134,0.32507529,2.5008042
0.013425,0.33010041,2.51085445
0.01345,0.32507529,2.51085445
0.013475,0.33010041,2.51085445
0.0135,0.33010041,2.51085445
0.013525,0.33010041,2.50582933
0.01355,0.33010041,2.50582933
0.013575,0.33010041,2.50582933
0.0136,0.33010041,2.51085445
0.013625,0.33010041,2.51085445
0.01365,0.33010041,2.51085445
0.013675,0.33010041,2.50582933
0.0137,0.33010041,2.5008042
0.013725,0.32507529,2.50582933
0.01375,0.32507529,2.51085445
0.013775,0.33010041,2.51587958
0.0138,0.33010041,2.51085445
0.013825,0.32507529,2.51085445
0.01385,0.33010041,2.5008042
0.013875,0.32507529,2.50582933
0.0139,0.32507529,2.51085445
0.013925,0.33010041,2.52090471
0.01395,0.33010041,2.51587958
0.013975,0.33010041,2.50582933
0.014,0.33010041,2.50582933
0.014025,0.33010041,2.5008042
0.01405,0.33010041,2.50582933
0.014075,0.32507529,2.51587958
0.0141,0.32507529,2.51085445
0.014125,0.33010041,2.51587958
0.01415,0.33010041,2.50582933
0.014175,0.32507529,2.5008042
0.0142,0.33010041,2.50582933
0.014225,0.32507529,2.52090471
0.01425,0.32507529,2.52090471
0.014275,0.33010041,2.51587958
0.0143,0.32507529,2.51085445
0.014325,0.33010041,2.50582933
0.01435,0.33010041,2.50582933
0.014375,0.33010041,2.51587958
0.0144,0.33010041,2.52090471
0.014425,0.32507529,2.51587958
0.01445,0.32507529,2.51085445
0.014475,0.33010041,2.50582933
0.0145,0.33010041,2.51085445
0.014525,0.33010041,2.51587958
0.01455,0.32507529,2.52090471
0.014575,0.33010041,2.52090471
0.0146,0.33010041,2.51587958
0.014625,0.33010041,2.51085445
0.01465,0.33010041,2.50582933
0.014675,0.32507529,2.51085445
0.0147,0.33010041,2.52090471
0.014725,0.32507529,2.52090471
0.01475,0.33010041,2.51587958
0.014775,0.33010041,2.51085445
0.0148,0.33010041,2.51587958
0.014825,0.33010041,2.50582933
0.01485,0.33010041,2.51085445
0.014875,0.32507529,2.51587958
0.0149,0.32507529,2.51587958
0.014925,0.32507529,2.51085445
0.01495,0.32507529,2.50582933
0.014975,0.33010041,2.51085445
0.015,0.33010041,2.52090471
0.015025,0.33010041,2.52090471
0.01505,0.32507529,2.51587958
0.015075,0.33010041,2.51587958
0.0151,0.33010041,2.51085445
0.015125,0.33010041,2.51085445
0.01515,0.33010041,2.51085445
0.015175,0.33010041,2.52090471
0.0152,0.33010041,2.52592983
0.015225,0.33010041,2.51085445
0.01525,0.32507529,2.51587958
0.015275,0.33010041,2.51085445
0.0153,0.33010041,2.51587958
0.015325,0.33010041,2.51587958
0.01535,0.32507529,2.52090471
0.015375,0.32507529,2.51587958
0.0154,0.32507529,2.51085445
0.015425,0.33010041,2.51085445
0.01545,0.33010041,2.51587958
0.015475,0.33010041,2.51587958
0.0155,0.33010041,2.52090471
0.015525,0.32507529,2.51587958
0.01555,0.33010041,2.51587958
0.015575,0.32507529,2.51085445
0.0156,0.32507529,2.51085445
0.015625,0.33010041,2.51587958
0.01565,0.33010041,2.52090471
0.015675,0.32507529,2.51587958
0.0157,0.33010041,2.51085445
0.015725,0.33010041,2.51085445
0.01575,0.33010041,2.51587958
0.015775,0.33010041,2.51587958
0.0158,0.33010041,2.51587958
0.015825,0.33010041,2.52592983
0.01585,0.33010041,2.51587958
0.015875,0.33010041,2.51085445
0.0159,0.32507529,2.51085445
0.015925,0.32507529,2.51085445
0.01595,0.32507529,2.52090471
0.015975,0.33010041,2.51587958
0.016,1.38035166,0.44552784
0.016025,2.28989939,0.45055297
0.01605,2.37532652,0.44552784
0.016075,2.40045215,0.44552784
0.0161,2.41552753,0.44552784
0.016125,2.41552753,0.45055297
0.01615,2.41552753,0.44552784
0.016175,2.4105024,0.45055297
0.0162,2.40547728,0.45055297
0.016225,2.40547728,0.44552784
0.01625,2.4105024,0.45055297
0.016275,2.41552753,0.45055297
0.0163,2.4105024,0.44552784
0.016325,2.4105024,0.45055297
0.01635,2.40547728,0.45055297
0.016375,2.40045215,0.45055297
0.0164,2.40547728,0.45557809
0.016425,2.4105024,0.45557809
0.01645,2.41552753,0.45055297
0.016475,2.40547728,0.45055297
0.0165,2.40045215,0.45055297
0.016525,2.40045215,0.45055297
0.01655,2.4105024,0.45055297
0.016575,2.4105024,0.45557809
0.0166,2.4105024,0.45055297
0.016625,2.40547728,0.45055297
0.01665,2.39542702,0.45557809
0.016675,2.39542702,0.45557809
0.0167,2.40547728,0.45557809
0.016725,2.4105024,0.45557809
0.01675,2.4105024,0.45055297
0.016775,2.40045215,0.45557809
0.0168,2.40045215,0.45055297
0.016825,2.39542702,0.45557809
0.01685,2.40045215,0.45557809
0.016875,2.40547728,0.45055297
0.0169,2.4105024,0.45055297
0.016925,2.39542702,0.45055297
0.01695,2.39542702,0.45055297
0.016975,2.40045215,0.45055297
0.017,2.40045215,0.45055297
0.017025,2.40547728,0.45557809
0.01705,2.40045215,0.45055297
0.017075,2.40547728,0.45055297
0.0171,2.40045215,0.45055297
0.017125,2.39542702,0.45055297
0.01715,2.40045215,0.45557809
0.017175,2.40045215,0.44552784
0.0172,2.40547728,0.45557809
0.017225,2.40547728,0.45557809
0.01725,2.4105024,0.45557809
0.017275,2.40045215,0.45557809
0.0173,2.39542702,0.45557809
0.017325,2.40045215,0.45055297
0.01735,2.40547728,0.45055297
0.017375,2.40547728,0.45557809
0.0174,2.40045215,0.45557809
0.017425,2.39542702,0.45557809
0.01745,2.39542702,0.45055297
0.017475,2.39542702,0.45557809
0.0175,2.40547728,0.45055297
0.017525,2.40547728,0.45557809
0.01755,2.40045215,0.45557809
0.017575,2.39542702,0.45557809
0.0176,2.39542702,0.45055297
0.017625,2.39542702,0.45055297
0.01765,2.40547728,0.45055297
0.017675,2.40045215,0.45557809
0.0177,2.4105024,0.45055297
0.017725,2.3904019,0.45055297
0.01775,2.39542702,0.45055297
0.017775,2.3904019,0.45557809
0.0178,2.40045215,0.45557809
0.017825,2.40045215,0.45055297
0.01785,2.40547728,0.45557809
0.017875,2.40547728,0.45557809
0.0179,2.39542702,0.45055297
0.017925,2.39542702,0.45055297
0.01795,2.39542702,0.45055297
0.017975,2.40547728,0.45055297
0.018,2.40045215,0.45055297
0.018025,2.40045215,0.45055297
0.01805,2.40045215,0.45557809
0.018075,2.39542702,0.45557809
0.0181,2.40045215,0.45055297
0.018125,2.39542702,0.45055297
0.01815,2.40547728,0.45557809
0.018175,2.39542702,0.45055297
0.0182,2.40045215,0.45055297
0.018225,2.3904019,0.45055297
0.01825,2.3904019,0.45557809
0.018275,2.39542702,0.45055297
0.0183,2.40045215,0.45557809
0.018325,2.40547728,0.45055297
0.01835,2.3904019,0.45055297
0.018375,2.39542702,0.45055297
0.0184,2.3904019,0.45055297
0.018425,2.39542702,0.45557809
0.01845,2.40045215,0.45557809
0.018475,2.40547728,0.45055297
0.0185,2.40045215,0.45055297
0.018525,2.3904019,0.45055297
0.01855,2.39542702,0.45055297
0.018575,2.39542702,0.45055297
0.0186,2.40547728,0.45557809
0.018625,2.40045215,0.45557809
0.01865,2.40045215,0.45557809
0.018675,2.3904019,0.45055297
0.0187,2.3904019,0.45055297
0.018725,2.3904019,0.45055297
0.01875,2.39542702,0.44552784
0.018775,2.40045215,0.45557809
0.0188,2.39542702,0.45557809
0.018825,2.39542702,0.45557809
0.01885,2.3904019,0.45055297
0.018875,2.3904019,0.45055297
0.0189,2.3904019,0.45557809
0.018925,2.40045215,0.45055297
0.01895,2.40547728,0.45557809
0.018975,2.39542702,0.45557809
0.019,2.39542702,0.45557809
0.019025,2.38537677,0.45557809
0.01905,2.39542702,0.45557809
0.019075,2.40045215,0.45557809
0.0191,2.40045215,0.45055297
0.019125,2.40547728,0.45055297
0.01915,2.39542702,0.45557809
0.019175,2.3904019,0.45557809
0.0192,2.3904019,0.45557809
0.019225,2.40045215,0.45557809
0.01925,2.40045215,0.45055297
0.019275,2.40547728,0.45557809
0.0193,2.39542702,0.45557809
0.019325,2.39542702,0.45557809
0.01935,2.39542702,0.45055297
0.019375,2.40045215,0.45055297
0.0194,2.4105024,0.45055297
0.019425,2.40045215,0.45557809
0.01945,2.40547728,0.45557809
0.019475,2.39542702,0.45055297
0.0195,2.39542702,0.45557809
0.019525,2.39542702,0.45557809
0.01955,2.40547728,0.45557809
0.019575,2.4105024,0.45557809
0.0196,2.40045215,0.45557809
0.019625,2.40045215,0.45557809
0.01965,2.39542702,0.45055297
0.019675,2.39542702,0.45557809
0.0197,2.39542702,0.45557809
0.019725,2.40045215,0.45055297
0.01975,2.40045215,0.45055297
0.019775,2.39542702,0.45557809
0.0198,2.40045215,0.45055297
0.019825,2.39542702,0.45557809
0.01985,2.40045215,0.45055297
0.019875,2.40045215,0.45557809
0.0199,2.40045215,0.45557809
0.019925,2.39542702,0.45557809
0.01995,2.39542702,0.45055297
0.019975,2.40045215,0.45055297
0.02,0.36025117,1.52592984
0.020025,0.33010041,2.35005044
0.02005,0.32507529,2.45055295
0.020075,0.32507529,2.4807037
0.0201,0.32507529,2.48572883
0.020125,0.32507529,2.48572883
0.02015,0.32507529,2.49577908
0.020175,0.32507529,2.49577908
0.0202,0.32507529,2.5008042
0.020225,0.32507529,2.5008042
0.02025,0.32507529,2.5008042
0.020275,0.33010041,2.5008042
0.0203,0.32507529,2.5008042
0.020325,0.32507529,2.50582933
0.02035,0.32507529,2.51085445
0.020375,0.33010041,2.50582933
0.0204,0.33010041,2.5008042
0.020425,0.32507529,2.50582933
0.02045,0.33010041,2.5008042
0.020475,0.33010041,2.50582933
0.0205,0.32507529,2.50582933
0.020525,0.33010041,2.51085445
0.02055,0.32507529,2.50582933
0.020575,0.32507529,2.50582933
0.0206,0.33010041,2.50582933
0.020625,0.32507529,2.51085445
0.02065,0.32507529,2.51085445
0.020675,0.33010041,2.51085445
0.0207,0.32507529,2.51085445
0.020725,0.32507529,2.51085445
0.02075,0.32507529,2.51085445
0.020775,0.33010041,2.51085445
0.0208,0.33010041,2.51587958
0.020825,0.33010041,2.51587958
0.02085,0.32507529,2.51085445
0.020875,0.32507529,2.51587958
0.0209,0.32507529,2.51587958
0.020925,0.32507529,2.51587958
0.02095,0.32507529,2.51085445
0.020975,0.32507529,2.51587958
0.021,0.33010041,2.51587958
0.021025,0.33010041,2.51587958
0.02105,0.32507529,2.51587958
0.021075,0.33010041,2.51085445
0.0211,0.33010041,2.51085445
0.021125,0.33010041,2.51085445
0.02115,0.32507529,2.51587958
0.021175,0.33010041,2.51085445
0.0212,0.33010041,2.51085445
0.021225,0.33010041,2.50582933
0.02125,0.33010041,2.50582933
0.021275,0.33010041,2.51085445
0.0213,0.32507529,2.51085445
0.021325,0.33010041,2.51085445
0.02135,0.32507529,2.51085445
0.021375,0.32507529,2.51085445
0.0214,0.32507529,2.51587958
0.021425,0.33010041,2.51587958
0.02145,0.33010041,2.51587958
0.021475,0.32507529,2.51587958
0.0215,0.33010041,2.51587958
0.021525,0.33010041,2.51587958
0.02155,0.33010041,2.51085445
0.021575,0.33010041,2.51085445
0.0216,0.33512554,2.51085445
0.021625,0.33010041,2.51587958
0.02165,0.32507529,2.51587958
0.021675,0.32507529,2.51085445
0.0217,0.32507529,2.51085445
0.021725,0.32507529,2.51587958
0.02175,0.33010041,2.51085445
0.021775,0.32507529,2.51085445
0.0218,0.32507529,2.51587958
0.021825,0.32507529,2.51587958
0.02185,0.32507529,2.52090471
0.021875,0.33010041,2.51587958
0.0219,0.32507529,2.51587958
0.021925,0.33010041,2.51085445
0.02195,0.33010041,2.50582933
0.021975,0.32507529,2.51587958
0.022,0.32507529,2.51085445
0.022025,0.33512554,2.51085445
0.02205,0.33010041,2.51587958
0.022075,0.33010041,2.51085445
0.0221,0.33010041,2.51085445
0.022125,0.33010041,2.51587958
0.02215,0.33010041,2.51587958
0.022175,0.33010041,2.51587958
0.0222,0.33010041,2.51085445
0.022225,0.33010041,2.50582933
0.02225,0.33010041,2.51085445
0.022275,0.33010041,2.51085445
0.0223,0.33010041,2.51085445
0.022325,0.33010041,2.51587958
0.02235,0.33010041,2.51085445
0.022375,0.33010041,2.51085445
0.0224,0.33010041,2.51085445
0.022425,0.33010041,2.51085445
0.02245,0.33010041,2.51085445
0.022475,0.33010041,2.51085445
0.0225,0.32507529,2.51085445
0.022525,0.33010041,2.50582933
0.02255,0.33010041,2.51085445
0.022575,0.33010041,2.51085445
0.0226,0.33010041,2.51085445
0.022625,0.33010041,2.51085445
0.02265,0.33010041,2.51085445
0.022675,0.33010041,2.50582933
0.0227,0.33010041,2.5008042
0.022725,0.33010041,2.51085445
0.02275,0.33010041,2.51085445
0.022775,0.33010041,2.51587958
0.0228,0.33010041,2.51085445
0.022825,0.33010041,2.50582933
0.02285,0.33010041,2.50582933
0.022875,0.32507529,2.51085445
0.0229,0.33010041,2.51085445
0.022925,0.33010041,2.51085445
0.02295,0.33010041,2.51085445
0.022975,0.33512554,2.50582933
0.023,0.33010041,2.50582933
0.023025,0.33010041,2.50582933
0.02305,0.33010041,2.51587958
0.023075,0.33512554,2.51085445
0.0231,0.33010041,2.51587958
0.023125,0.33010041,2.50582933
0.02315,0.33010041,2.50582933
0.023175,0.33010041,2.50582933
0.0232,0.33010041,2.50582933
0.023225,0.33010041,2.51587958
0.02325,0.33010041,2.51085445
0.023275,0.33010041,2.50582933
0.0233,0.33512554,2.5008042
0.023325,0.33512554,2.5008042
0.02335,0.33010041,2.51085445
0.023375,0.33010041,2.51085445
0.0234,0.33010041,2.51085445
0.023425,0.33010041,2.50582933
0.02345,0.33512554,2.50582933
0.023475,0.32507529,2.50582933
0.0235,0.33010041,2.50582933
0.023525,0.33010041,2.51587958
0.02355,0.32507529,2.51085445
0.023575,0.33010041,2.51085445
0.0236,0.33010041,2.5008042
0.023625,0.33010041,2.50582933
0.02365,0.33010041,2.50582933
0.023675,0.33010041,2.51085445
0.0237,0.33010041,2.51587958
0.023725,0.33010041,2.51085445
0.02375,0.33010041,2.50582933
0.023775,0.33010041,2.5008042
0.0238,0.33010041,2.51085445
0.023825,0.32507529,2.51587958
0.02385,0.33010041,2.51587958
0.023875,0.33010041,2.51085445
0.0239,0.33512554,2.50582933
0.023925,0.33512554,2.5008042
0.02395,0.33010041,2.5008042
0.023975,0.33010041,2.50582933
0.024,1.34517578,0.50582935
0.024025,2.29994964,0.45055297
0.02405,2.38035165,0.44552784
0.024075,2.40045215,0.45055297
0.0241,2.39542702,0.45055297
0.024125,2.40547728,0.45557809
0.02415,2.4105024,0.45055297
0.024175,2.4105024,0.45055297
0.0242,2.40547728,0.45055297
0.024225,2.39542702,0.44552784
0.02425,2.39542702,0.44552784
0.024275,2.40045215,0.44552784
0.0243,2.40045215,0.44552784
0.024325,2.4105024,0.45055297
0.02435,2.40045215,0.45055297
0.024375,2.39542702,0.45055297
0.0244,2.3904019,0.45055297
0.024425,2.40045215,0.45055297
0.02445,2.40045215,0.45055297
0.024475,2.40547728,0.45055297
0.0245,2.4105024,0.45055297
0.024525,2.39542702,0.45557809
0.02455,2.39542702,0.45055297
0.024575,2.38537677,0.45055297
0.0246,2.40045215,0.45055297
0.024625,2.40045215,0.45055297
0.02465,2.40045215,0.45055297
0.024675,2.40045215,0.45557809
0.0247,2.39542702,0.44552784
0.024725,2.39542702,0.45055297
0.02475,2.3904019,0.45055297
0.024775,2.40547728,0.45055297
0.0248,2.40045215,0.45055297
0.024825,2.40547728,0.45055297
0.02485,2.39542702,0.45055297
0.024875,2.3904019,0.45055297
0.0249,2.39542702,0.45055297
0.024925,2.40045215,0.45055297
0.02495,2.40045215,0.45055297
0.024975,2.39542702,0.45055297
