x-axis,1,2
second,Volt,Volt
-250.0000E-03,-2.1268719E+00,-533.5301E-03
-249.7500E-03,-2.1670729E+00,-533.5301E-03
-249.5000E-03,-2.1268719E+00,-533.5301E-03
-249.2500E-03,-2.0766207E+00,-483.2789E-03
-249.0000E-03,-2.2474749E+00,-573.7311E-03
-248.7500E-03,-2.2173242E+00,-503.3794E-03
-248.5000E-03,-2.2072739E+00,-533.5301E-03
-248.2500E-03,-2.2474749E+00,-463.1784E-03
-248.0000E-03,-2.2474749E+00,-573.7311E-03
-247.7500E-03,-2.1369222E+00,-533.5301E-03
-247.5000E-03,-2.2273744E+00,-533.5301E-03
-247.2500E-03,-2.2575252E+00,-533.5301E-03
-247.0000E-03,-2.2072739E+00,-573.7311E-03
-246.7500E-03,-2.2374247E+00,-523.4799E-03
-246.5000E-03,-2.2675754E+00,-473.2286E-03
-246.2500E-03,-2.2575252E+00,-523.4799E-03
-246.0000E-03,-2.2474749E+00,-533.5301E-03
-245.7500E-03,-2.2474749E+00,-503.3794E-03
-245.5000E-03,-2.2474749E+00,-533.5301E-03
-245.2500E-03,-2.1972237E+00,-483.2789E-03
-245.0000E-03,-2.1670729E+00,-533.5301E-03
-244.7500E-03,-2.2273744E+00,-503.3794E-03
-244.5000E-03,-2.2474749E+00,-473.2286E-03
-244.2500E-03,-2.2273744E+00,-543.5804E-03
-244.0000E-03,-2.2876759E+00,-453.1281E-03
-243.7500E-03,-2.3077764E+00,-553.6306E-03
-243.5000E-03,-2.2675754E+00,-533.5301E-03
-243.2500E-03,-2.2273744E+00,-523.4799E-03
-243.0000E-03,-2.2072739E+00,-453.1281E-03
-242.7500E-03,-2.2675754E+00,-563.6809E-03
-242.5000E-03,-2.2675754E+00,-453.1281E-03
-242.2500E-03,-2.2575252E+00,-443.0779E-03
-242.0000E-03,-2.2474749E+00,-453.1281E-03
-241.7500E-03,-2.2575252E+00,-513.4296E-03
-241.5000E-03,-2.2675754E+00,-513.4296E-03
-241.2500E-03,-2.2876759E+00,-493.3291E-03
-241.0000E-03,-2.2876759E+00,-533.5301E-03
-240.7500E-03,-2.2776257E+00,-513.4296E-03
-240.5000E-03,-2.2675754E+00,-473.2286E-03
-240.2500E-03,-1.6545101E+00,-543.5804E-03
-240.0000E-03,-1.3630528E+00,-573.7311E-03
-239.7500E-03,-1.1419473E+00,-583.7814E-03
-239.5000E-03,-981.1433E-03,-634.0326E-03
-239.2500E-03,-860.5403E-03,-603.8819E-03
-239.0000E-03,-760.0378E-03,-573.7311E-03
-238.7500E-03,-780.1383E-03,-684.2839E-03
-238.5000E-03,-679.6358E-03,-734.5351E-03
-238.2500E-03,-669.5855E-03,-724.4849E-03
-238.0000E-03,-639.4348E-03,-694.3341E-03
-237.7500E-03,-579.1333E-03,-794.8367E-03
-237.5000E-03,-619.3343E-03,-774.7362E-03
-237.2500E-03,-508.7815E-03,-814.9372E-03
-237.0000E-03,-478.6307E-03,-774.7362E-03
-236.7500E-03,-468.5805E-03,-855.1382E-03
-236.5000E-03,-498.7312E-03,-895.3392E-03
-236.2500E-03,-498.7312E-03,-895.3392E-03
-236.0000E-03,-518.8317E-03,-895.3392E-03
-235.7500E-03,-438.4297E-03,-865.1884E-03
-235.5000E-03,-418.3292E-03,-935.5402E-03
-235.2500E-03,-458.5302E-03,-975.7412E-03
-235.0000E-03,-358.0277E-03,-895.3392E-03
-234.7500E-03,-358.0277E-03,-995.8417E-03
-234.5000E-03,-418.3292E-03,-995.8417E-03
-234.2500E-03,-378.1282E-03,-1.0561432E+00
-234.0000E-03,-358.0277E-03,-1.0561432E+00
-233.7500E-03,-388.1785E-03,-1.0561432E+00
-233.5000E-03,-337.9272E-03,-1.0561432E+00
-233.2500E-03,-408.2790E-03,-1.1063944E+00
-233.0000E-03,-317.8267E-03,-1.1767462E+00
-232.7500E-03,-327.8770E-03,-1.1063944E+00
-232.5000E-03,-317.8267E-03,-1.1767462E+00
-232.2500E-03,-337.9272E-03,-1.1164447E+00
-232.0000E-03,-277.6257E-03,-1.1767462E+00
-231.7500E-03,-337.9272E-03,-1.2169472E+00
-231.5000E-03,-297.7262E-03,-1.2571482E+00
-231.2500E-03,-358.0277E-03,-1.1767462E+00
-231.0000E-03,-317.8267E-03,-1.2571482E+00
-230.7500E-03,-358.0277E-03,-1.1968467E+00
-230.5000E-03,-277.6257E-03,-1.2571482E+00
-230.2500E-03,-388.1785E-03,-1.2671985E+00
-230.0000E-03,-237.4247E-03,-1.2973492E+00
-229.7500E-03,-337.9272E-03,-1.3174497E+00
-229.5000E-03,-378.1282E-03,-1.3375502E+00
-229.2500E-03,-317.8267E-03,-1.3978517E+00
-229.0000E-03,-277.6257E-03,-1.3777512E+00
-228.7500E-03,-347.9775E-03,-1.4179522E+00
-228.5000E-03,-337.9272E-03,-1.4179522E+00
-228.2500E-03,-267.5755E-03,-1.4280025E+00
-228.0000E-03,-317.8267E-03,-1.4179522E+00
-227.7500E-03,-267.5755E-03,-1.4179522E+00
-227.5000E-03,-297.7262E-03,-1.4380527E+00
-227.2500E-03,-347.9775E-03,-1.4883040E+00
-227.0000E-03,-358.0277E-03,-1.5385552E+00
-226.7500E-03,-267.5755E-03,-1.5385552E+00
-226.5000E-03,-337.9272E-03,-1.4782537E+00
-226.2500E-03,-267.5755E-03,-1.4782537E+00
-226.0000E-03,-277.6257E-03,-1.4983542E+00
-225.7500E-03,-297.7262E-03,-1.5486055E+00
-225.5000E-03,-297.7262E-03,-1.4782537E+00
-225.2500E-03,-347.9775E-03,-1.5385552E+00
-225.0000E-03,-277.6257E-03,-1.5385552E+00
-224.7500E-03,-317.8267E-03,-1.6089070E+00
-224.5000E-03,-358.0277E-03,-1.5586557E+00
-224.2500E-03,-247.4750E-03,-1.5586557E+00
-224.0000E-03,-277.6257E-03,-1.5385552E+00
-223.7500E-03,-247.4750E-03,-1.6290075E+00
-223.5000E-03,-317.8267E-03,-1.6189572E+00
-223.2500E-03,-307.7765E-03,-1.5687060E+00
-223.0000E-03,-358.0277E-03,-1.6591583E+00
-222.7500E-03,-337.9272E-03,-1.6792588E+00
-222.5000E-03,-378.1282E-03,-1.6792588E+00
-222.2500E-03,-347.9775E-03,-1.7194598E+00
-222.0000E-03,-317.8267E-03,-1.6993593E+00
-221.7500E-03,-287.6760E-03,-1.6491080E+00
-221.5000E-03,-337.9272E-03,-1.6993593E+00
-221.2500E-03,-337.9272E-03,-1.7094095E+00
-221.0000E-03,-277.6257E-03,-1.6993593E+00
-220.7500E-03,-317.8267E-03,-1.7697110E+00
-220.5000E-03,-297.7262E-03,-1.7797613E+00
-220.2500E-03,-317.8267E-03,-1.7194598E+00
-220.0000E-03,-317.8267E-03,-1.7797613E+00
-219.7500E-03,-317.8267E-03,-1.7998618E+00
-219.5000E-03,-297.7262E-03,-1.7998618E+00
-219.2500E-03,-388.1785E-03,-1.8300125E+00
-219.0000E-03,-358.0277E-03,-1.7395603E+00
-218.7500E-03,-317.8267E-03,-1.7998618E+00
-218.5000E-03,-297.7262E-03,-1.7998618E+00
-218.2500E-03,-297.7262E-03,-1.8501130E+00
-218.0000E-03,-398.2287E-03,-1.8199623E+00
-217.7500E-03,-287.6760E-03,-1.8400628E+00
-217.5000E-03,-337.9272E-03,-1.7998618E+00
-217.2500E-03,-317.8267E-03,-1.8099120E+00
-217.0000E-03,-277.6257E-03,-1.7797613E+00
-216.7500E-03,-257.5252E-03,-1.9104145E+00
-216.5000E-03,-297.7262E-03,-1.8601633E+00
-216.2500E-03,-267.5755E-03,-1.8802638E+00
-216.0000E-03,-237.4247E-03,-1.9003643E+00
-215.7500E-03,-317.8267E-03,-1.8802638E+00
-215.5000E-03,-277.6257E-03,-1.9405653E+00
-215.2500E-03,-307.7765E-03,-1.9104145E+00
-215.0000E-03,-317.8267E-03,-1.9405653E+00
-214.7500E-03,-277.6257E-03,-1.9707160E+00
-214.5000E-03,-277.6257E-03,-1.9405653E+00
-214.2500E-03,-337.9272E-03,-1.9707160E+00
-214.0000E-03,-277.6257E-03,-1.9405653E+00
-213.7500E-03,-257.5252E-03,-1.9707160E+00
-213.5000E-03,-337.9272E-03,-1.9606658E+00
-213.2500E-03,-368.0780E-03,-1.9506155E+00
-213.0000E-03,-317.8267E-03,-2.0209673E+00
-212.7500E-03,-307.7765E-03,-1.9305150E+00
-212.5000E-03,-297.7262E-03,-2.0410678E+00
-212.2500E-03,-237.4247E-03,-2.0511180E+00
-212.0000E-03,-317.8267E-03,-1.9405653E+00
-211.7500E-03,-347.9775E-03,-2.0310175E+00
-211.5000E-03,-277.6257E-03,-1.9606658E+00
-211.2500E-03,-327.8770E-03,-2.1013693E+00
-211.0000E-03,-277.6257E-03,-2.0611683E+00
-210.7500E-03,-267.5755E-03,-1.9807663E+00
-210.5000E-03,-257.5252E-03,-2.0611683E+00
-210.2500E-03,-287.6760E-03,-2.0109170E+00
-210.0000E-03,-277.6257E-03,-2.0611683E+00
-209.7500E-03,-257.5252E-03,-2.0310175E+00
-209.5000E-03,-297.7262E-03,-2.1013693E+00
-209.2500E-03,-307.7765E-03,-2.0410678E+00
-209.0000E-03,-358.0277E-03,-2.0209673E+00
-208.7500E-03,-358.0277E-03,-2.1214698E+00
-208.5000E-03,-237.4247E-03,-2.0812688E+00
-208.2500E-03,-317.8267E-03,-2.1214698E+00
-208.0000E-03,-237.4247E-03,-2.1415703E+00
-207.7500E-03,-337.9272E-03,-2.1315201E+00
-207.5000E-03,-277.6257E-03,-2.1214698E+00
-207.2500E-03,-287.6760E-03,-2.1415703E+00
-207.0000E-03,-358.0277E-03,-2.1013693E+00
-206.7500E-03,-287.6760E-03,-2.1616708E+00
-206.5000E-03,-297.7262E-03,-2.1415703E+00
-206.2500E-03,-267.5755E-03,-2.1717211E+00
-206.0000E-03,-358.0277E-03,-2.1817713E+00
-205.7500E-03,-287.6760E-03,-2.1516206E+00
-205.5000E-03,-297.7262E-03,-2.1817713E+00
-205.2500E-03,-277.6257E-03,-2.1616708E+00
-205.0000E-03,-277.6257E-03,-2.1817713E+00
-204.7500E-03,-327.8770E-03,-2.1918216E+00
-204.5000E-03,-378.1282E-03,-2.1817713E+00
-204.2500E-03,-277.6257E-03,-2.1717211E+00
-204.0000E-03,-398.2287E-03,-2.1817713E+00
-203.7500E-03,-257.5252E-03,-2.1817713E+00
-203.5000E-03,-277.6257E-03,-2.1817713E+00
-203.2500E-03,-358.0277E-03,-2.1616708E+00
-203.0000E-03,-277.6257E-03,-2.1817713E+00
-202.7500E-03,-297.7262E-03,-2.2420728E+00
-202.5000E-03,-297.7262E-03,-2.2420728E+00
-202.2500E-03,-337.9272E-03,-2.2119221E+00
-202.0000E-03,-317.8267E-03,-2.2219723E+00
-201.7500E-03,-297.7262E-03,-2.2018718E+00
-201.5000E-03,-297.7262E-03,-2.2420728E+00
-201.2500E-03,-307.7765E-03,-2.2923241E+00
-201.0000E-03,-237.4247E-03,-2.3023743E+00
-200.7500E-03,-337.9272E-03,-2.3224748E+00
-200.5000E-03,-297.7262E-03,-2.2621733E+00
-200.2500E-03,-247.4750E-03,-2.2320226E+00
-200.0000E-03,-277.6257E-03,-2.3425753E+00
-199.7500E-03,-317.8267E-03,-2.2722236E+00
-199.5000E-03,-337.9272E-03,-2.2822738E+00
-199.2500E-03,-267.5755E-03,-2.2722236E+00
-199.0000E-03,-277.6257E-03,-2.1415703E+00
-198.7500E-03,-297.7262E-03,-2.2923241E+00
-198.5000E-03,-257.5252E-03,-2.3023743E+00
-198.2500E-03,-237.4247E-03,-2.2420728E+00
-198.0000E-03,-237.4247E-03,-2.3023743E+00
-197.7500E-03,-257.5252E-03,-2.3325251E+00
-197.5000E-03,-358.0277E-03,-2.3425753E+00
-197.2500E-03,-327.8770E-03,-2.3023743E+00
-197.0000E-03,-277.6257E-03,-2.3425753E+00
-196.7500E-03,-307.7765E-03,-2.2722236E+00
-196.5000E-03,-257.5252E-03,-2.3626758E+00
-196.2500E-03,-277.6257E-03,-2.3727261E+00
-196.0000E-03,-277.6257E-03,-2.3023743E+00
-195.7500E-03,-337.9272E-03,-2.3325251E+00
-195.5000E-03,-297.7262E-03,-2.3626758E+00
-195.2500E-03,-317.8267E-03,-2.3023743E+00
-195.0000E-03,-277.6257E-03,-2.3827763E+00
-194.7500E-03,-277.6257E-03,-2.3827763E+00
-194.5000E-03,-277.6257E-03,-2.3425753E+00
-194.2500E-03,-307.7765E-03,-2.3727261E+00
-194.0000E-03,-317.8267E-03,-2.3425753E+00
-193.7500E-03,-257.5252E-03,-2.3827763E+00
-193.5000E-03,-317.8267E-03,-2.3626758E+00
-193.2500E-03,-247.4750E-03,-2.3224748E+00
-193.0000E-03,-277.6257E-03,-2.3425753E+00
-192.7500E-03,-287.6760E-03,-2.3727261E+00
-192.5000E-03,-337.9272E-03,-2.3425753E+00
-192.2500E-03,-287.6760E-03,-2.3325251E+00
-192.0000E-03,-277.6257E-03,-2.3827763E+00
-191.7500E-03,-307.7765E-03,-2.4028768E+00
-191.5000E-03,-317.8267E-03,-2.3827763E+00
-191.2500E-03,-267.5755E-03,-2.3325251E+00
-191.0000E-03,-317.8267E-03,-2.3827763E+00
-190.7500E-03,-267.5755E-03,-2.3928266E+00
-190.5000E-03,-317.8267E-03,-2.4229773E+00
-190.2500E-03,-337.9272E-03,-2.4129271E+00
-190.0000E-03,-157.0227E-03,-2.5033793E+00
-189.7500E-03,-307.7765E-03,-2.4430778E+00
-189.5000E-03,-297.7262E-03,-2.4028768E+00
-189.2500E-03,-257.5252E-03,-2.4229773E+00
-189.0000E-03,-317.8267E-03,-2.3827763E+00
-188.7500E-03,-317.8267E-03,-2.3526256E+00
-188.5000E-03,-237.4247E-03,-2.4430778E+00
-188.2500E-03,-327.8770E-03,-2.4129271E+00
-188.0000E-03,-317.8267E-03,-2.3827763E+00
-187.7500E-03,-297.7262E-03,-2.3827763E+00
-187.5000E-03,-337.9272E-03,-2.4028768E+00
-187.2500E-03,-237.4247E-03,-2.4631783E+00
-187.0000E-03,-237.4247E-03,-2.4631783E+00
-186.7500E-03,-277.6257E-03,-2.3928266E+00
-186.5000E-03,-297.7262E-03,-2.4430778E+00
-186.2500E-03,-307.7765E-03,-2.4832788E+00
-186.0000E-03,-277.6257E-03,-2.4631783E+00
-185.7500E-03,-307.7765E-03,-2.4028768E+00
-185.5000E-03,-317.8267E-03,-2.4229773E+00
-185.2500E-03,-267.5755E-03,-2.4330276E+00
-185.0000E-03,-317.8267E-03,-2.4229773E+00
-184.7500E-03,-287.6760E-03,-2.4832788E+00
-184.5000E-03,-337.9272E-03,-2.4631783E+00
-184.2500E-03,-237.4247E-03,-2.4531281E+00
-184.0000E-03,-197.2237E-03,-2.4631783E+00
-183.7500E-03,-337.9272E-03,-2.4330276E+00
-183.5000E-03,-257.5252E-03,-2.5033793E+00
-183.2500E-03,-277.6257E-03,-2.4229773E+00
-183.0000E-03,-398.2287E-03,-2.4229773E+00
-182.7500E-03,-287.6760E-03,-2.4832788E+00
-182.5000E-03,-297.7262E-03,-2.4430778E+00
-182.2500E-03,-217.3242E-03,-2.4430778E+00
-182.0000E-03,-317.8267E-03,-2.5033793E+00
-181.7500E-03,-277.6257E-03,-2.4933291E+00
-181.5000E-03,-297.7262E-03,-2.5234799E+00
-181.2500E-03,-267.5755E-03,-2.4229773E+00
-181.0000E-03,-358.0277E-03,-2.4229773E+00
-180.7500E-03,-237.4247E-03,-2.4832788E+00
-180.5000E-03,-297.7262E-03,-2.4832788E+00
-180.2500E-03,-347.9775E-03,-1.7395603E+00
-180.0000E-03,-317.8267E-03,-1.3375502E+00
-179.7500E-03,-368.0780E-03,-1.2068970E+00
-179.5000E-03,-478.6307E-03,-1.0963442E+00
-179.2500E-03,-368.0780E-03,-915.4397E-03
-179.0000E-03,-478.6307E-03,-935.5402E-03
-178.7500E-03,-518.8317E-03,-875.2387E-03
-178.5000E-03,-478.6307E-03,-774.7362E-03
-178.2500E-03,-518.8317E-03,-835.0377E-03
-178.0000E-03,-559.0327E-03,-774.7362E-03
-177.7500E-03,-599.2338E-03,-654.1331E-03
-177.5000E-03,-659.5353E-03,-714.4346E-03
-177.2500E-03,-569.0830E-03,-644.0829E-03
-177.0000E-03,-599.2338E-03,-694.3341E-03
-176.7500E-03,-689.6860E-03,-644.0829E-03
-176.5000E-03,-659.5353E-03,-613.9321E-03
-176.2500E-03,-639.4348E-03,-664.1834E-03
-176.0000E-03,-639.4348E-03,-613.9321E-03
-175.7500E-03,-790.1885E-03,-613.9321E-03
-175.5000E-03,-760.0378E-03,-613.9321E-03
-175.2500E-03,-760.0378E-03,-613.9321E-03
-175.0000E-03,-719.8368E-03,-613.9321E-03
-174.7500E-03,-770.0880E-03,-523.4799E-03
-174.5000E-03,-820.3393E-03,-553.6306E-03
-174.2500E-03,-860.5403E-03,-623.9824E-03
-174.0000E-03,-800.2388E-03,-533.5301E-03
-173.7500E-03,-850.4900E-03,-563.6809E-03
-173.5000E-03,-900.7413E-03,-553.6306E-03
-173.2500E-03,-940.9423E-03,-613.9321E-03
-173.0000E-03,-880.6408E-03,-573.7311E-03
-172.7500E-03,-890.6910E-03,-533.5301E-03
-172.5000E-03,-961.0428E-03,-553.6306E-03
-172.2500E-03,-981.1433E-03,-583.7814E-03
-172.0000E-03,-961.0428E-03,-533.5301E-03
-171.7500E-03,-1.0112941E+00,-573.7311E-03
-171.5000E-03,-1.0213443E+00,-593.8316E-03
-171.2500E-03,-1.0715956E+00,-473.2286E-03
-171.0000E-03,-1.0012438E+00,-493.3291E-03
-170.7500E-03,-1.0715956E+00,-563.6809E-03
-170.5000E-03,-1.1017463E+00,-493.3291E-03
-170.2500E-03,-1.1218468E+00,-513.4296E-03
-170.0000E-03,-1.1218468E+00,-493.3291E-03
-169.7500E-03,-1.1620478E+00,-563.6809E-03
-169.5000E-03,-1.1218468E+00,-553.6306E-03
-169.2500E-03,-1.1218468E+00,-513.4296E-03
-169.0000E-03,-1.1620478E+00,-533.5301E-03
-168.7500E-03,-1.1921986E+00,-473.2286E-03
-168.5000E-03,-1.1620478E+00,-573.7311E-03
-168.2500E-03,-1.1720981E+00,-473.2286E-03
-168.0000E-03,-1.2022488E+00,-493.3291E-03
-167.7500E-03,-1.2525001E+00,-533.5301E-03
-167.5000E-03,-1.1821483E+00,-513.4296E-03
-167.2500E-03,-1.2223493E+00,-503.3794E-03
-167.0000E-03,-1.3228518E+00,-573.7311E-03
-166.7500E-03,-1.2525001E+00,-593.8316E-03
-166.5000E-03,-1.2424498E+00,-533.5301E-03
-166.2500E-03,-1.2726006E+00,-563.6809E-03
-166.0000E-03,-1.2826508E+00,-533.5301E-03
-165.7500E-03,-1.3128016E+00,-533.5301E-03
-165.5000E-03,-1.2826508E+00,-493.3291E-03
-165.2500E-03,-1.3731031E+00,-483.2789E-03
-165.0000E-03,-1.3228518E+00,-573.7311E-03
-164.7500E-03,-1.3329021E+00,-473.2286E-03
-164.5000E-03,-1.3630528E+00,-473.2286E-03
-164.2500E-03,-1.4032538E+00,-503.3794E-03
-164.0000E-03,-1.3228518E+00,-573.7311E-03
-163.7500E-03,-1.4032538E+00,-543.5804E-03
-163.5000E-03,-1.4233543E+00,-553.6306E-03
-163.2500E-03,-1.4032538E+00,-523.4799E-03
-163.0000E-03,-1.4434549E+00,-573.7311E-03
-162.7500E-03,-1.4635554E+00,-513.4296E-03
-162.5000E-03,-1.4836559E+00,-513.4296E-03
-162.2500E-03,-1.4133041E+00,-503.3794E-03
-162.0000E-03,-1.4434549E+00,-533.5301E-03
-161.7500E-03,-1.4937061E+00,-523.4799E-03
-161.5000E-03,-1.4635554E+00,-533.5301E-03
-161.2500E-03,-1.5640579E+00,-563.6809E-03
-161.0000E-03,-1.4836559E+00,-453.1281E-03
-160.7500E-03,-1.4736056E+00,-503.3794E-03
-160.5000E-03,-1.5037564E+00,-513.4296E-03
-160.2500E-03,-1.5741081E+00,-533.5301E-03
-160.0000E-03,-1.5640579E+00,-493.3291E-03
-159.7500E-03,-1.5640579E+00,-463.1784E-03
-159.5000E-03,-1.5841584E+00,-553.6306E-03
-159.2500E-03,-1.5037564E+00,-523.4799E-03
-159.0000E-03,-1.4434549E+00,-533.5301E-03
-158.7500E-03,-1.6243594E+00,-453.1281E-03
-158.5000E-03,-1.6243594E+00,-513.4296E-03
-158.2500E-03,-1.6143091E+00,-483.2789E-03
-158.0000E-03,-1.6042589E+00,-493.3291E-03
-157.7500E-03,-1.6243594E+00,-483.2789E-03
-157.5000E-03,-1.6444599E+00,-473.2286E-03
-157.2500E-03,-1.6143091E+00,-523.4799E-03
-157.0000E-03,-1.6444599E+00,-573.7311E-03
-156.7500E-03,-1.6846609E+00,-453.1281E-03
-156.5000E-03,-1.7047614E+00,-533.5301E-03
-156.2500E-03,-1.6444599E+00,-513.4296E-03
-156.0000E-03,-1.7248619E+00,-533.5301E-03
-155.7500E-03,-1.7047614E+00,-503.3794E-03
-155.5000E-03,-1.6444599E+00,-473.2286E-03
-155.2500E-03,-1.7248619E+00,-513.4296E-03
-155.0000E-03,-1.7248619E+00,-453.1281E-03
-154.7500E-03,-1.6846609E+00,-563.6809E-03
-154.5000E-03,-1.7248619E+00,-533.5301E-03
-154.2500E-03,-1.7650629E+00,-543.5804E-03
-154.0000E-03,-1.7650629E+00,-493.3291E-03
-153.7500E-03,-1.7349121E+00,-523.4799E-03
-153.5000E-03,-1.7248619E+00,-553.6306E-03
-153.2500E-03,-1.7650629E+00,-573.7311E-03
-153.0000E-03,-1.6846609E+00,-453.1281E-03
-152.7500E-03,-1.7650629E+00,-563.6809E-03
-152.5000E-03,-1.7650629E+00,-533.5301E-03
-152.2500E-03,-1.7952136E+00,-533.5301E-03
-152.0000E-03,-1.8052639E+00,-533.5301E-03
-151.7500E-03,-1.8454649E+00,-523.4799E-03
-151.5000E-03,-1.8253644E+00,-533.5301E-03
-151.2500E-03,-1.8052639E+00,-513.4296E-03
-151.0000E-03,-1.8052639E+00,-453.1281E-03
-150.7500E-03,-1.8756156E+00,-533.5301E-03
-150.5000E-03,-1.8253644E+00,-533.5301E-03
-150.2500E-03,-1.8153141E+00,-523.4799E-03
-150.0000E-03,-1.8052639E+00,-453.1281E-03
-149.7500E-03,-1.8454649E+00,-483.2789E-03
-149.5000E-03,-1.8655654E+00,-513.4296E-03
-149.2500E-03,-1.8454649E+00,-453.1281E-03
-149.0000E-03,-1.8052639E+00,-573.7311E-03
-148.7500E-03,-1.8655654E+00,-503.3794E-03
-148.5000E-03,-1.8253644E+00,-493.3291E-03
-148.2500E-03,-1.8454649E+00,-503.3794E-03
-148.0000E-03,-1.8052639E+00,-493.3291E-03
-147.7500E-03,-1.9560177E+00,-473.2286E-03
-147.5000E-03,-1.8856659E+00,-493.3291E-03
-147.2500E-03,-1.8856659E+00,-503.3794E-03
-147.0000E-03,-1.9258669E+00,-573.7311E-03
-146.7500E-03,-1.8957162E+00,-412.9271E-03
-146.5000E-03,-1.9057664E+00,-473.2286E-03
-146.2500E-03,-1.9459674E+00,-533.5301E-03
-146.0000E-03,-1.9258669E+00,-493.3291E-03
-145.7500E-03,-1.9861684E+00,-543.5804E-03
-145.5000E-03,-1.8856659E+00,-493.3291E-03
-145.2500E-03,-1.9560177E+00,-422.9774E-03
-145.0000E-03,-2.0062689E+00,-453.1281E-03
-144.7500E-03,-1.9660679E+00,-543.5804E-03
-144.5000E-03,-1.9861684E+00,-533.5301E-03
-144.2500E-03,-1.9962187E+00,-523.4799E-03
-144.0000E-03,-1.9258669E+00,-533.5301E-03
-143.7500E-03,-1.9761182E+00,-513.4296E-03
-143.5000E-03,-1.9660679E+00,-473.2286E-03
-143.2500E-03,-1.9359172E+00,-493.3291E-03
-143.0000E-03,-1.9258669E+00,-533.5301E-03
-142.7500E-03,-1.9359172E+00,-493.3291E-03
-142.5000E-03,-2.0866709E+00,-473.2286E-03
-142.2500E-03,-1.9459674E+00,-503.3794E-03
-142.0000E-03,-2.0062689E+00,-533.5301E-03
-141.7500E-03,-2.0163192E+00,-523.4799E-03
-141.5000E-03,-2.0263694E+00,-493.3291E-03
-141.2500E-03,-2.0364197E+00,-593.8316E-03
-141.0000E-03,-2.0464699E+00,-533.5301E-03
-140.7500E-03,-2.0464699E+00,-503.3794E-03
-140.5000E-03,-2.0464699E+00,-533.5301E-03
-140.2500E-03,-2.0163192E+00,-543.5804E-03
-140.0000E-03,-2.0464699E+00,-453.1281E-03
-139.7500E-03,-2.0163192E+00,-513.4296E-03
-139.5000E-03,-2.0665704E+00,-513.4296E-03
-139.2500E-03,-2.0866709E+00,-483.2789E-03
-139.0000E-03,-2.0062689E+00,-493.3291E-03
-138.7500E-03,-2.0464699E+00,-473.2286E-03
-138.5000E-03,-2.0464699E+00,-433.0276E-03
-138.2500E-03,-2.0163192E+00,-473.2286E-03
-138.0000E-03,-2.1268719E+00,-533.5301E-03
-137.7500E-03,-2.0766207E+00,-493.3291E-03
-137.5000E-03,-2.0665704E+00,-533.5301E-03
-137.2500E-03,-2.0967212E+00,-533.5301E-03
-137.0000E-03,-2.1268719E+00,-533.5301E-03
-136.7500E-03,-2.1369222E+00,-553.6306E-03
-136.5000E-03,-2.0464699E+00,-493.3291E-03
-136.2500E-03,-2.0866709E+00,-593.8316E-03
-136.0000E-03,-2.0062689E+00,-533.5301E-03
-135.7500E-03,-2.0967212E+00,-503.3794E-03
-135.5000E-03,-2.1268719E+00,-533.5301E-03
-135.2500E-03,-2.2072739E+00,-563.6809E-03
-135.0000E-03,-2.1268719E+00,-533.5301E-03
-134.7500E-03,-2.0364197E+00,-443.0779E-03
-134.5000E-03,-2.1268719E+00,-473.2286E-03
-134.2500E-03,-2.1067714E+00,-533.5301E-03
-134.0000E-03,-2.1268719E+00,-453.1281E-03
-133.7500E-03,-2.0967212E+00,-503.3794E-03
-133.5000E-03,-2.1067714E+00,-513.4296E-03
-133.2500E-03,-2.1268719E+00,-503.3794E-03
-133.0000E-03,-2.1268719E+00,-493.3291E-03
-132.7500E-03,-2.1670729E+00,-513.4296E-03
-132.5000E-03,-2.1469724E+00,-433.0276E-03
-132.2500E-03,-2.1570227E+00,-644.0829E-03
-132.0000E-03,-2.1670729E+00,-453.1281E-03
-131.7500E-03,-2.1369222E+00,-483.2789E-03
-131.5000E-03,-2.1469724E+00,-513.4296E-03
-131.2500E-03,-2.1168217E+00,-473.2286E-03
-131.0000E-03,-2.2474749E+00,-533.5301E-03
-130.7500E-03,-2.1268719E+00,-483.2789E-03
-130.5000E-03,-2.1469724E+00,-533.5301E-03
-130.2500E-03,-2.2575252E+00,-463.1784E-03
-130.0000E-03,-2.1670729E+00,-493.3291E-03
-129.7500E-03,-2.2273744E+00,-493.3291E-03
-129.5000E-03,-2.1871734E+00,-453.1281E-03
-129.2500E-03,-2.2173242E+00,-493.3291E-03
-129.0000E-03,-2.1670729E+00,-453.1281E-03
-128.7500E-03,-2.2273744E+00,-553.6306E-03
-128.5000E-03,-2.2273744E+00,-513.4296E-03
-128.2500E-03,-2.2374247E+00,-533.5301E-03
-128.0000E-03,-2.2474749E+00,-493.3291E-03
-127.7500E-03,-2.1670729E+00,-503.3794E-03
-127.5000E-03,-2.1871734E+00,-513.4296E-03
-127.2500E-03,-2.1871734E+00,-513.4296E-03
-127.0000E-03,-2.1268719E+00,-493.3291E-03
-126.7500E-03,-2.1972237E+00,-473.2286E-03
-126.5000E-03,-2.2072739E+00,-513.4296E-03
-126.2500E-03,-2.2474749E+00,-503.3794E-03
-126.0000E-03,-2.2072739E+00,-533.5301E-03
-125.7500E-03,-2.2474749E+00,-493.3291E-03
-125.5000E-03,-2.2273744E+00,-412.9271E-03
-125.2500E-03,-2.2776257E+00,-493.3291E-03
-125.0000E-03,-2.2072739E+00,-493.3291E-03
-124.7500E-03,-2.2273744E+00,-563.6809E-03
-124.5000E-03,-2.2876759E+00,-493.3291E-03
-124.2500E-03,-2.2776257E+00,-503.3794E-03
-124.0000E-03,-2.2474749E+00,-533.5301E-03
-123.7500E-03,-2.2776257E+00,-433.0276E-03
-123.5000E-03,-2.2474749E+00,-493.3291E-03
-123.2500E-03,-2.2374247E+00,-533.5301E-03
-123.0000E-03,-2.1670729E+00,-533.5301E-03
-122.7500E-03,-2.2776257E+00,-563.6809E-03
-122.5000E-03,-2.2474749E+00,-473.2286E-03
-122.2500E-03,-2.2575252E+00,-513.4296E-03
-122.0000E-03,-2.2474749E+00,-533.5301E-03
-121.7500E-03,-2.2977262E+00,-493.3291E-03
-121.5000E-03,-2.3077764E+00,-453.1281E-03
-121.2500E-03,-2.2575252E+00,-513.4296E-03
-121.0000E-03,-2.3278770E+00,-453.1281E-03
-120.7500E-03,-2.2977262E+00,-503.3794E-03
-120.5000E-03,-2.2072739E+00,-493.3291E-03
-120.2500E-03,-1.6444599E+00,-493.3291E-03
-120.0000E-03,-1.4032538E+00,-493.3291E-03
-119.7500E-03,-1.1017463E+00,-603.8819E-03
-119.5000E-03,-1.0012438E+00,-634.0326E-03
-119.2500E-03,-890.6910E-03,-593.8316E-03
-119.0000E-03,-800.2388E-03,-694.3341E-03
-118.7500E-03,-689.6860E-03,-684.2839E-03
-118.5000E-03,-699.7363E-03,-694.3341E-03
-118.2500E-03,-589.1835E-03,-714.4346E-03
-118.0000E-03,-599.2338E-03,-734.5351E-03
-117.7500E-03,-629.3845E-03,-754.6356E-03
-117.5000E-03,-619.3343E-03,-734.5351E-03
-117.2500E-03,-498.7312E-03,-845.0879E-03
-117.0000E-03,-438.4297E-03,-814.9372E-03
-116.7500E-03,-468.5805E-03,-865.1884E-03
-116.5000E-03,-478.6307E-03,-835.0377E-03
-116.2500E-03,-448.4800E-03,-895.3392E-03
-116.0000E-03,-438.4297E-03,-895.3392E-03
-115.7500E-03,-478.6307E-03,-935.5402E-03
-115.5000E-03,-418.3292E-03,-915.4397E-03
-115.2500E-03,-408.2790E-03,-935.5402E-03
-115.0000E-03,-317.8267E-03,-935.5402E-03
-114.7500E-03,-378.1282E-03,-1.0058919E+00
-114.5000E-03,-418.3292E-03,-1.0159422E+00
-114.2500E-03,-358.0277E-03,-1.0460929E+00
-114.0000E-03,-398.2287E-03,-1.0159422E+00
-113.7500E-03,-378.1282E-03,-1.0561432E+00
-113.5000E-03,-378.1282E-03,-1.0762437E+00
-113.2500E-03,-388.1785E-03,-1.1767462E+00
-113.0000E-03,-358.0277E-03,-1.0963442E+00
-112.7500E-03,-378.1282E-03,-1.0762437E+00
-112.5000E-03,-378.1282E-03,-1.1566457E+00
-112.2500E-03,-368.0780E-03,-1.1867964E+00
-112.0000E-03,-317.8267E-03,-1.1767462E+00
-111.7500E-03,-358.0277E-03,-1.1767462E+00
-111.5000E-03,-398.2287E-03,-1.1566457E+00
-111.2500E-03,-388.1785E-03,-1.2068970E+00
-111.0000E-03,-317.8267E-03,-1.2571482E+00
-110.7500E-03,-317.8267E-03,-1.2571482E+00
-110.5000E-03,-398.2287E-03,-1.2571482E+00
-110.2500E-03,-327.8770E-03,-1.3275000E+00
-110.0000E-03,-317.8267E-03,-1.2169472E+00
-109.7500E-03,-388.1785E-03,-1.2973492E+00
-109.5000E-03,-337.9272E-03,-1.2772487E+00
-109.2500E-03,-347.9775E-03,-1.3677010E+00
-109.0000E-03,-277.6257E-03,-1.4179522E+00
-108.7500E-03,-347.9775E-03,-1.3777512E+00
-108.5000E-03,-358.0277E-03,-1.3978517E+00
-108.2500E-03,-317.8267E-03,-1.4280025E+00
-108.0000E-03,-237.4247E-03,-1.4179522E+00
-107.7500E-03,-327.8770E-03,-1.3978517E+00
-107.5000E-03,-297.7262E-03,-1.4179522E+00
-107.2500E-03,-287.6760E-03,-1.3978517E+00
-107.0000E-03,-317.8267E-03,-1.4179522E+00
-106.7500E-03,-277.6257E-03,-1.4883040E+00
-106.5000E-03,-217.3242E-03,-1.4581532E+00
-106.2500E-03,-347.9775E-03,-1.4782537E+00
-106.0000E-03,-317.8267E-03,-1.5385552E+00
-105.7500E-03,-317.8267E-03,-1.4581532E+00
-105.5000E-03,-297.7262E-03,-1.5586557E+00
-105.2500E-03,-307.7765E-03,-1.5586557E+00
-105.0000E-03,-317.8267E-03,-1.5787562E+00
-104.7500E-03,-237.4247E-03,-1.5787562E+00
-104.5000E-03,-257.5252E-03,-1.6390577E+00
-104.2500E-03,-257.5252E-03,-1.6290075E+00
-104.0000E-03,-237.4247E-03,-1.5787562E+00
-103.7500E-03,-327.8770E-03,-1.6390577E+00
-103.5000E-03,-317.8267E-03,-1.6189572E+00
-103.2500E-03,-277.6257E-03,-1.6491080E+00
-103.0000E-03,-277.6257E-03,-1.6591583E+00
-102.7500E-03,-347.9775E-03,-1.6491080E+00
-102.5000E-03,-317.8267E-03,-1.5988567E+00
-102.2500E-03,-337.9272E-03,-1.6591583E+00
-102.0000E-03,-317.8267E-03,-1.5787562E+00
-101.7500E-03,-327.8770E-03,-1.6993593E+00
-101.5000E-03,-297.7262E-03,-1.6993593E+00
-101.2500E-03,-317.8267E-03,-1.6993593E+00
-101.0000E-03,-237.4247E-03,-1.7797613E+00
-100.7500E-03,-347.9775E-03,-1.7395603E+00
-100.5000E-03,-297.7262E-03,-1.7797613E+00
-100.2500E-03,-277.6257E-03,-1.7496105E+00
-100.0000E-03,-277.6257E-03,-1.6993593E+00
-99.7500E-03,-257.5252E-03,-1.7295100E+00
-99.5000E-03,-317.8267E-03,-1.7596608E+00
-99.2500E-03,-337.9272E-03,-1.7797613E+00
-99.0000E-03,-277.6257E-03,-1.6993593E+00
-98.7500E-03,-257.5252E-03,-1.7596608E+00
-98.5000E-03,-297.7262E-03,-1.7797613E+00
-98.2500E-03,-337.9272E-03,-1.7998618E+00
-98.0000E-03,-317.8267E-03,-1.8601633E+00
-97.7500E-03,-347.9775E-03,-1.7898115E+00
-97.5000E-03,-277.6257E-03,-1.9003643E+00
-97.2500E-03,-247.4750E-03,-1.8702135E+00
-97.0000E-03,-317.8267E-03,-1.9405653E+00
-96.7500E-03,-307.7765E-03,-1.8601633E+00
-96.5000E-03,-317.8267E-03,-1.9003643E+00
-96.2500E-03,-347.9775E-03,-1.9405653E+00
-96.0000E-03,-317.8267E-03,-1.8601633E+00
-95.7500E-03,-297.7262E-03,-1.9003643E+00
-95.5000E-03,-257.5252E-03,-1.9003643E+00
-95.2500E-03,-267.5755E-03,-1.9405653E+00
-95.0000E-03,-277.6257E-03,-1.8601633E+00
-94.7500E-03,-327.8770E-03,-1.9807663E+00
-94.5000E-03,-277.6257E-03,-1.9606658E+00
-94.2500E-03,-287.6760E-03,-1.9707160E+00
-94.0000E-03,-237.4247E-03,-1.9807663E+00
-93.7500E-03,-237.4247E-03,-2.0109170E+00
-93.5000E-03,-337.9272E-03,-1.9606658E+00
-93.2500E-03,-368.0780E-03,-1.9405653E+00
-93.0000E-03,-277.6257E-03,-1.9405653E+00
-92.7500E-03,-317.8267E-03,-1.9707160E+00
-92.5000E-03,-297.7262E-03,-2.0008668E+00
-92.2500E-03,-267.5755E-03,-2.0410678E+00
-92.0000E-03,-317.8267E-03,-2.0611683E+00
-91.7500E-03,-317.8267E-03,-1.9807663E+00
-91.5000E-03,-337.9272E-03,-1.9807663E+00
-91.2500E-03,-317.8267E-03,-1.9807663E+00
-91.0000E-03,-237.4247E-03,-2.0611683E+00
-90.7500E-03,-247.4750E-03,-2.1214698E+00
-90.5000E-03,-297.7262E-03,-2.0812688E+00
-90.2500E-03,-287.6760E-03,-2.1013693E+00
-90.0000E-03,-277.6257E-03,-2.1415703E+00
-89.7500E-03,-368.0780E-03,-2.0109170E+00
-89.5000E-03,-257.5252E-03,-2.0410678E+00
-89.2500E-03,-327.8770E-03,-2.1516206E+00
-89.0000E-03,-277.6257E-03,-2.0611683E+00
-88.7500E-03,-378.1282E-03,-2.1516206E+00
-88.5000E-03,-277.6257E-03,-2.1214698E+00
-88.2500E-03,-317.8267E-03,-2.1013693E+00
-88.0000E-03,-277.6257E-03,-2.0209673E+00
-87.7500E-03,-368.0780E-03,-2.1516206E+00
-87.5000E-03,-358.0277E-03,-2.0611683E+00
-87.2500E-03,-307.7765E-03,-2.1415703E+00
-87.0000E-03,-277.6257E-03,-2.1817713E+00
-86.7500E-03,-347.9775E-03,-2.1616708E+00
-86.5000E-03,-277.6257E-03,-2.1415703E+00
-86.2500E-03,-317.8267E-03,-2.1516206E+00
-86.0000E-03,-358.0277E-03,-2.1415703E+00
-85.7500E-03,-267.5755E-03,-2.1114196E+00
-85.5000E-03,-337.9272E-03,-2.1415703E+00
-85.2500E-03,-277.6257E-03,-2.1114196E+00
-85.0000E-03,-358.0277E-03,-2.2621733E+00
-84.7500E-03,-277.6257E-03,-2.1717211E+00
-84.5000E-03,-257.5252E-03,-2.2018718E+00
-84.2500E-03,-408.2790E-03,-2.2119221E+00
-84.0000E-03,-197.2237E-03,-2.0611683E+00
-83.7500E-03,-247.4750E-03,-2.2219723E+00
-83.5000E-03,-297.7262E-03,-2.1616708E+00
-83.2500E-03,-337.9272E-03,-2.1918216E+00
-83.0000E-03,-277.6257E-03,-2.2219723E+00
-82.7500E-03,-317.8267E-03,-2.2219723E+00
-82.5000E-03,-337.9272E-03,-2.2219723E+00
-82.2500E-03,-327.8770E-03,-2.2320226E+00
-82.0000E-03,-317.8267E-03,-2.2219723E+00
-81.7500E-03,-368.0780E-03,-2.2420728E+00
-81.5000E-03,-297.7262E-03,-2.2420728E+00
-81.2500E-03,-237.4247E-03,-2.2219723E+00
-81.0000E-03,-317.8267E-03,-2.2219723E+00
-80.7500E-03,-287.6760E-03,-2.2420728E+00
-80.5000E-03,-337.9272E-03,-2.3023743E+00
-80.2500E-03,-287.6760E-03,-2.2119221E+00
-80.0000E-03,-237.4247E-03,-2.1817713E+00
-79.7500E-03,-287.6760E-03,-2.2621733E+00
-79.5000E-03,-317.8267E-03,-2.3224748E+00
-79.2500E-03,-237.4247E-03,-2.2621733E+00
-79.0000E-03,-277.6257E-03,-2.4229773E+00
-78.7500E-03,-287.6760E-03,-2.2119221E+00
-78.5000E-03,-297.7262E-03,-2.3425753E+00
-78.2500E-03,-227.3745E-03,-2.2822738E+00
-78.0000E-03,-237.4247E-03,-2.2621733E+00
-77.7500E-03,-267.5755E-03,-2.3425753E+00
-77.5000E-03,-277.6257E-03,-2.2621733E+00
-77.2500E-03,-287.6760E-03,-2.3023743E+00
-77.0000E-03,-358.0277E-03,-2.3425753E+00
-76.7500E-03,-297.7262E-03,-2.3325251E+00
-76.5000E-03,-237.4247E-03,-2.2822738E+00
-76.2500E-03,-327.8770E-03,-2.3023743E+00
-76.0000E-03,-237.4247E-03,-2.3023743E+00
-75.7500E-03,-237.4247E-03,-2.3224748E+00
-75.5000E-03,-317.8267E-03,-2.3224748E+00
-75.2500E-03,-337.9272E-03,-2.3727261E+00
-75.0000E-03,-237.4247E-03,-2.3425753E+00
-74.7500E-03,-337.9272E-03,-2.3224748E+00
-74.5000E-03,-317.8267E-03,-2.3023743E+00
-74.2500E-03,-287.6760E-03,-2.3827763E+00
-74.0000E-03,-277.6257E-03,-2.3827763E+00
-73.7500E-03,-317.8267E-03,-2.3827763E+00
-73.5000E-03,-277.6257E-03,-2.3224748E+00
-73.2500E-03,-227.3745E-03,-2.3526256E+00
-73.0000E-03,-317.8267E-03,-2.3827763E+00
-72.7500E-03,-287.6760E-03,-2.3526256E+00
-72.5000E-03,-277.6257E-03,-2.3425753E+00
-72.2500E-03,-337.9272E-03,-2.3827763E+00
-72.0000E-03,-317.8267E-03,-2.3425753E+00
-71.7500E-03,-307.7765E-03,-2.4531281E+00
-71.5000E-03,-297.7262E-03,-2.3626758E+00
-71.2500E-03,-297.7262E-03,-2.3626758E+00
-71.0000E-03,-277.6257E-03,-2.4229773E+00
-70.7500E-03,-327.8770E-03,-2.3526256E+00
-70.5000E-03,-297.7262E-03,-2.3827763E+00
-70.2500E-03,-257.5252E-03,-2.4531281E+00
-70.0000E-03,-197.2237E-03,-2.4229773E+00
-69.7500E-03,-297.7262E-03,-2.3928266E+00
-69.5000E-03,-358.0277E-03,-2.4229773E+00
-69.2500E-03,-358.0277E-03,-2.4832788E+00
-69.0000E-03,-358.0277E-03,-2.4631783E+00
-68.7500E-03,-337.9272E-03,-2.4129271E+00
-68.5000E-03,-277.6257E-03,-2.3626758E+00
-68.2500E-03,-257.5252E-03,-2.3928266E+00
-68.0000E-03,-317.8267E-03,-2.5033793E+00
-67.7500E-03,-277.6257E-03,-2.4430778E+00
-67.5000E-03,-317.8267E-03,-2.5033793E+00
-67.2500E-03,-307.7765E-03,-2.4430778E+00
-67.0000E-03,-277.6257E-03,-2.3827763E+00
-66.7500E-03,-267.5755E-03,-2.4832788E+00
-66.5000E-03,-237.4247E-03,-2.4430778E+00
-66.2500E-03,-247.4750E-03,-2.4229773E+00
-66.0000E-03,-398.2287E-03,-2.4229773E+00
-65.7500E-03,-317.8267E-03,-2.4531281E+00
-65.5000E-03,-337.9272E-03,-2.4430778E+00
-65.2500E-03,-277.6257E-03,-2.4531281E+00
-65.0000E-03,-277.6257E-03,-2.4229773E+00
-64.7500E-03,-257.5252E-03,-2.5435804E+00
-64.5000E-03,-337.9272E-03,-2.5234799E+00
-64.2500E-03,-267.5755E-03,-2.4631783E+00
-64.0000E-03,-317.8267E-03,-2.4229773E+00
-63.7500E-03,-307.7765E-03,-2.4933291E+00
-63.5000E-03,-217.3242E-03,-2.4430778E+00
-63.2500E-03,-317.8267E-03,-2.5536306E+00
-63.0000E-03,-317.8267E-03,-2.4229773E+00
-62.7500E-03,-307.7765E-03,-2.4531281E+00
-62.5000E-03,-358.0277E-03,-2.4832788E+00
-62.2500E-03,-267.5755E-03,-2.4732286E+00
-62.0000E-03,-358.0277E-03,-2.5033793E+00
-61.7500E-03,-307.7765E-03,-2.5335301E+00
-61.5000E-03,-277.6257E-03,-2.5033793E+00
-61.2500E-03,-337.9272E-03,-2.4631783E+00
-61.0000E-03,-277.6257E-03,-2.4229773E+00
-60.7500E-03,-277.6257E-03,-2.4531281E+00
-60.5000E-03,-277.6257E-03,-2.4430778E+00
-60.2500E-03,-337.9272E-03,-1.6993593E+00
-60.0000E-03,-358.0277E-03,-1.3375502E+00
-59.7500E-03,-327.8770E-03,-1.2772487E+00
-59.5000E-03,-418.3292E-03,-1.1164447E+00
-59.2500E-03,-428.3795E-03,-945.5904E-03
-59.0000E-03,-518.8317E-03,-855.1382E-03
-58.7500E-03,-458.5302E-03,-855.1382E-03
-58.5000E-03,-438.4297E-03,-794.8367E-03
-58.2500E-03,-468.5805E-03,-744.5854E-03
-58.0000E-03,-559.0327E-03,-774.7362E-03
-57.7500E-03,-548.9825E-03,-704.3844E-03
-57.5000E-03,-579.1333E-03,-734.5351E-03
-57.2500E-03,-649.4850E-03,-613.9321E-03
-57.0000E-03,-719.8368E-03,-654.1331E-03
-56.7500E-03,-689.6860E-03,-634.0326E-03
-56.5000E-03,-659.5353E-03,-674.2336E-03
-56.2500E-03,-719.8368E-03,-583.7814E-03
-56.0000E-03,-760.0378E-03,-573.7311E-03
-55.7500E-03,-749.9875E-03,-634.0326E-03
-55.5000E-03,-760.0378E-03,-533.5301E-03
-55.2500E-03,-780.1383E-03,-513.4296E-03
-55.0000E-03,-800.2388E-03,-694.3341E-03
-54.7500E-03,-760.0378E-03,-553.6306E-03
-54.5000E-03,-820.3393E-03,-634.0326E-03
-54.2500E-03,-840.4398E-03,-533.5301E-03
-54.0000E-03,-880.6408E-03,-533.5301E-03
-53.7500E-03,-870.5905E-03,-543.5804E-03
-53.5000E-03,-920.8418E-03,-573.7311E-03
-53.2500E-03,-900.7413E-03,-573.7311E-03
-53.0000E-03,-961.0428E-03,-573.7311E-03
-52.7500E-03,-971.0930E-03,-523.4799E-03
-52.5000E-03,-981.1433E-03,-553.6306E-03
-52.2500E-03,-1.0112941E+00,-573.7311E-03
-52.0000E-03,-920.8418E-03,-493.3291E-03
-51.7500E-03,-991.1935E-03,-563.6809E-03
-51.5000E-03,-1.0414448E+00,-513.4296E-03
-51.2500E-03,-1.0514951E+00,-453.1281E-03
-51.0000E-03,-1.0414448E+00,-533.5301E-03
-50.7500E-03,-1.0514951E+00,-563.6809E-03
-50.5000E-03,-1.1017463E+00,-513.4296E-03
-50.2500E-03,-1.0916961E+00,-533.5301E-03
-50.0000E-03,-1.1620478E+00,-493.3291E-03
-49.7500E-03,-1.1117966E+00,-563.6809E-03
-49.5000E-03,-1.1218468E+00,-533.5301E-03
-49.2500E-03,-1.0916961E+00,-503.3794E-03
-49.0000E-03,-1.0816458E+00,-493.3291E-03
-48.7500E-03,-1.1318971E+00,-573.7311E-03
-48.5000E-03,-1.1821483E+00,-553.6306E-03
-48.2500E-03,-1.2323996E+00,-543.5804E-03
-48.0000E-03,-1.2022488E+00,-493.3291E-03
-47.7500E-03,-1.2424498E+00,-513.4296E-03
-47.5000E-03,-1.2223493E+00,-453.1281E-03
-47.2500E-03,-1.2826508E+00,-543.5804E-03
-47.0000E-03,-1.3228518E+00,-533.5301E-03
-46.7500E-03,-1.2826508E+00,-523.4799E-03
-46.5000E-03,-1.2625503E+00,-453.1281E-03
-46.2500E-03,-1.3530026E+00,-523.4799E-03
-46.0000E-03,-1.2826508E+00,-533.5301E-03
-45.7500E-03,-1.3329021E+00,-483.2789E-03
-45.5000E-03,-1.3630528E+00,-493.3291E-03
-45.2500E-03,-1.3429523E+00,-523.4799E-03
-45.0000E-03,-1.3228518E+00,-493.3291E-03
-44.7500E-03,-1.3329021E+00,-493.3291E-03
-44.5000E-03,-1.3429523E+00,-493.3291E-03
-44.2500E-03,-1.3228518E+00,-563.6809E-03
-44.0000E-03,-1.4032538E+00,-533.5301E-03
-43.7500E-03,-1.4233543E+00,-543.5804E-03
-43.5000E-03,-1.4233543E+00,-453.1281E-03
-43.2500E-03,-1.3831533E+00,-533.5301E-03
-43.0000E-03,-1.4434549E+00,-493.3291E-03
-42.7500E-03,-1.4334046E+00,-523.4799E-03
-42.5000E-03,-1.4434549E+00,-473.2286E-03
-42.2500E-03,-1.4434549E+00,-483.2789E-03
-42.0000E-03,-1.4836559E+00,-613.9321E-03
-41.7500E-03,-1.5238569E+00,-533.5301E-03
-41.5000E-03,-1.5037564E+00,-553.6306E-03
-41.2500E-03,-1.4937061E+00,-573.7311E-03
-41.0000E-03,-1.5640579E+00,-412.9271E-03
-40.7500E-03,-1.5037564E+00,-453.1281E-03
-40.5000E-03,-1.5439574E+00,-513.4296E-03
-40.2500E-03,-1.5640579E+00,-473.2286E-03
-40.0000E-03,-1.6444599E+00,-493.3291E-03
-39.7500E-03,-1.5439574E+00,-553.6306E-03
-39.5000E-03,-1.6042589E+00,-513.4296E-03
-39.2500E-03,-1.5741081E+00,-513.4296E-03
-39.0000E-03,-1.6444599E+00,-573.7311E-03
-38.7500E-03,-1.6344096E+00,-533.5301E-03
-38.5000E-03,-1.6042589E+00,-533.5301E-03
-38.2500E-03,-1.6243594E+00,-523.4799E-03
-38.0000E-03,-1.6444599E+00,-573.7311E-03
-37.7500E-03,-1.6042589E+00,-543.5804E-03
-37.5000E-03,-1.6444599E+00,-533.5301E-03
-37.2500E-03,-1.6344096E+00,-523.4799E-03
-37.0000E-03,-1.5640579E+00,-573.7311E-03
-36.7500E-03,-1.6746106E+00,-503.3794E-03
-36.5000E-03,-1.6243594E+00,-513.4296E-03
-36.2500E-03,-1.6746106E+00,-503.3794E-03
-36.0000E-03,-1.6846609E+00,-573.7311E-03
-35.7500E-03,-1.6746106E+00,-523.4799E-03
-35.5000E-03,-1.6846609E+00,-493.3291E-03
-35.2500E-03,-1.7650629E+00,-543.5804E-03
-35.0000E-03,-1.6846609E+00,-493.3291E-03
-34.7500E-03,-1.6545101E+00,-503.3794E-03
-34.5000E-03,-1.7047614E+00,-533.5301E-03
-34.2500E-03,-1.7248619E+00,-533.5301E-03
-34.0000E-03,-1.7650629E+00,-533.5301E-03
-33.7500E-03,-1.7751131E+00,-463.1784E-03
-33.5000E-03,-1.7047614E+00,-533.5301E-03
-33.2500E-03,-1.7148116E+00,-473.2286E-03
-33.0000E-03,-1.6846609E+00,-533.5301E-03
-32.7500E-03,-1.7751131E+00,-523.4799E-03
-32.5000E-03,-1.8253644E+00,-493.3291E-03
-32.2500E-03,-1.8253644E+00,-503.3794E-03
-32.0000E-03,-1.7650629E+00,-453.1281E-03
-31.7500E-03,-1.8354146E+00,-473.2286E-03
-31.5000E-03,-1.8052639E+00,-533.5301E-03
-31.2500E-03,-1.8354146E+00,-563.6809E-03
-31.0000E-03,-1.8856659E+00,-533.5301E-03
-30.7500E-03,-1.8052639E+00,-473.2286E-03
-30.5000E-03,-1.8253644E+00,-513.4296E-03
-30.2500E-03,-1.8354146E+00,-503.3794E-03
-30.0000E-03,-1.8856659E+00,-493.3291E-03
-29.7500E-03,-1.8454649E+00,-463.1784E-03
-29.5000E-03,-1.8655654E+00,-513.4296E-03
-29.2500E-03,-1.8454649E+00,-483.2789E-03
-29.0000E-03,-1.9258669E+00,-453.1281E-03
-28.7500E-03,-1.8354146E+00,-563.6809E-03
-28.5000E-03,-1.9057664E+00,-513.4296E-03
-28.2500E-03,-1.8655654E+00,-473.2286E-03
-28.0000E-03,-1.8454649E+00,-533.5301E-03
-27.7500E-03,-1.9158167E+00,-523.4799E-03
-27.5000E-03,-1.9258669E+00,-513.4296E-03
-27.2500E-03,-1.9258669E+00,-543.5804E-03
-27.0000E-03,-1.8856659E+00,-533.5301E-03
-26.7500E-03,-1.9359172E+00,-523.4799E-03
-26.5000E-03,-1.9459674E+00,-553.6306E-03
-26.2500E-03,-1.9459674E+00,-503.3794E-03
-26.0000E-03,-1.9258669E+00,-493.3291E-03
-25.7500E-03,-1.8856659E+00,-473.2286E-03
-25.5000E-03,-1.9459674E+00,-513.4296E-03
-25.2500E-03,-1.9459674E+00,-533.5301E-03
-25.0000E-03,-2.0062689E+00,-573.7311E-03
-24.7500E-03,-1.9359172E+00,-483.2789E-03
-24.5000E-03,-1.8655654E+00,-473.2286E-03
-24.2500E-03,-1.9359172E+00,-513.4296E-03
-24.0000E-03,-1.9258669E+00,-573.7311E-03
-23.7500E-03,-1.9761182E+00,-503.3794E-03
-23.5000E-03,-1.9660679E+00,-493.3291E-03
-23.2500E-03,-1.9560177E+00,-463.1784E-03
-23.0000E-03,-2.0464699E+00,-533.5301E-03
-22.7500E-03,-1.9660679E+00,-493.3291E-03
-22.5000E-03,-2.0062689E+00,-473.2286E-03
-22.2500E-03,-2.0163192E+00,-493.3291E-03
-22.0000E-03,-1.9258669E+00,-573.7311E-03
-21.7500E-03,-1.9660679E+00,-523.4799E-03
-21.5000E-03,-1.9861684E+00,-473.2286E-03
-21.2500E-03,-2.1067714E+00,-483.2789E-03
-21.0000E-03,-2.0062689E+00,-493.3291E-03
-20.7500E-03,-2.0364197E+00,-513.4296E-03
-20.5000E-03,-2.0263694E+00,-573.7311E-03
-20.2500E-03,-2.0565202E+00,-563.6809E-03
-20.0000E-03,-2.0062689E+00,-453.1281E-03
-19.7500E-03,-2.0163192E+00,-473.2286E-03
-19.5000E-03,-2.0263694E+00,-573.7311E-03
-19.2500E-03,-2.1067714E+00,-563.6809E-03
-19.0000E-03,-2.0464699E+00,-493.3291E-03
-18.7500E-03,-1.9861684E+00,-533.5301E-03
-18.5000E-03,-2.0665704E+00,-533.5301E-03
-18.2500E-03,-2.0464699E+00,-553.6306E-03
-18.0000E-03,-2.0464699E+00,-412.9271E-03
-17.7500E-03,-2.1570227E+00,-523.4799E-03
-17.5000E-03,-2.0464699E+00,-533.5301E-03
-17.2500E-03,-2.1268719E+00,-473.2286E-03
-17.0000E-03,-2.0062689E+00,-493.3291E-03
-16.7500E-03,-2.0263694E+00,-473.2286E-03
-16.5000E-03,-2.0866709E+00,-453.1281E-03
-16.2500E-03,-2.0766207E+00,-493.3291E-03
-16.0000E-03,-2.0866709E+00,-533.5301E-03
-15.7500E-03,-2.0565202E+00,-473.2286E-03
-15.5000E-03,-2.1067714E+00,-513.4296E-03
-15.2500E-03,-2.0866709E+00,-493.3291E-03
-15.0000E-03,-2.1268719E+00,-453.1281E-03
-14.7500E-03,-2.1268719E+00,-503.3794E-03
-14.5000E-03,-2.0866709E+00,-493.3291E-03
-14.2500E-03,-2.1670729E+00,-523.4799E-03
-14.0000E-03,-2.0866709E+00,-493.3291E-03
-13.7500E-03,-2.0565202E+00,-523.4799E-03
-13.5000E-03,-2.1268719E+00,-493.3291E-03
-13.2500E-03,-2.0866709E+00,-493.3291E-03
-13.0000E-03,-2.2474749E+00,-493.3291E-03
-12.7500E-03,-2.1369222E+00,-513.4296E-03
-12.5000E-03,-2.1670729E+00,-493.3291E-03
-12.2500E-03,-2.1670729E+00,-493.3291E-03
-12.0000E-03,-2.2072739E+00,-573.7311E-03
-11.7500E-03,-2.1871734E+00,-503.3794E-03
-11.5000E-03,-2.1469724E+00,-493.3291E-03
-11.2500E-03,-2.1369222E+00,-523.4799E-03
-11.0000E-03,-2.1268719E+00,-493.3291E-03
-10.7500E-03,-2.1469724E+00,-523.4799E-03
-10.5000E-03,-2.2072739E+00,-513.4296E-03
-10.2500E-03,-2.1670729E+00,-483.2789E-03
-10.0000E-03,-2.2474749E+00,-573.7311E-03
-9.7500E-03,-2.2474749E+00,-513.4296E-03
-9.5000E-03,-2.2474749E+00,-493.3291E-03
-9.2500E-03,-2.1570227E+00,-533.5301E-03
-9.0000E-03,-2.2876759E+00,-533.5301E-03
-8.7500E-03,-2.1369222E+00,-583.7814E-03
-8.5000E-03,-2.2474749E+00,-473.2286E-03
-8.2500E-03,-2.2575252E+00,-433.0276E-03
-8.0000E-03,-2.1268719E+00,-493.3291E-03
-7.7500E-03,-2.2273744E+00,-573.7311E-03
-7.5000E-03,-2.2273744E+00,-513.4296E-03
-7.2500E-03,-2.2273744E+00,-362.6759E-03
-7.0000E-03,-2.2072739E+00,-533.5301E-03
-6.7500E-03,-2.1871734E+00,-523.4799E-03
-6.5000E-03,-2.2072739E+00,-453.1281E-03
-6.2500E-03,-2.2072739E+00,-523.4799E-03
-6.0000E-03,-2.2072739E+00,-453.1281E-03
-5.7500E-03,-2.2474749E+00,-523.4799E-03
-5.5000E-03,-2.2072739E+00,-453.1281E-03
-5.2500E-03,-2.2374247E+00,-493.3291E-03
-5.0000E-03,-2.2474749E+00,-533.5301E-03
-4.7500E-03,-2.2675754E+00,-463.1784E-03
-4.5000E-03,-2.2675754E+00,-553.6306E-03
-4.2500E-03,-2.2474749E+00,-513.4296E-03
-4.0000E-03,-2.3278770E+00,-533.5301E-03
-3.7500E-03,-2.2675754E+00,-533.5301E-03
-3.5000E-03,-2.2474749E+00,-513.4296E-03
-3.2500E-03,-2.2575252E+00,-473.2286E-03
-3.0000E-03,-2.2876759E+00,-573.7311E-03
-2.7500E-03,-2.2876759E+00,-503.3794E-03
-2.5000E-03,-2.2675754E+00,-493.3291E-03
-2.2500E-03,-2.2776257E+00,-433.0276E-03
-2.0000E-03,-2.2876759E+00,-453.1281E-03
-1.7500E-03,-2.2675754E+00,-543.5804E-03
-1.5000E-03,-2.2474749E+00,-493.3291E-03
-1.2500E-03,-2.2575252E+00,-483.2789E-03
-1.0000E-03,-2.2876759E+00,-573.7311E-03
-750.0E-06,-2.2876759E+00,-483.2789E-03
-500.0E-06,-2.2876759E+00,-493.3291E-03
-250.0E-06,-1.7449624E+00,-543.5804E-03
+0.0E+00,-1.3630528E+00,-493.3291E-03
+250.0E-06,-1.1117966E+00,-583.7814E-03
+500.0E-06,-1.0213443E+00,-613.9321E-03
+750.0E-06,-950.9925E-03,-654.1331E-03
+1.0000E-03,-880.6408E-03,-613.9321E-03
+1.2500E-03,-790.1885E-03,-714.4346E-03
+1.5000E-03,-699.7363E-03,-674.2336E-03
+1.7500E-03,-709.7865E-03,-704.3844E-03
+2.0000E-03,-639.4348E-03,-734.5351E-03
+2.2500E-03,-548.9825E-03,-754.6356E-03
+2.5000E-03,-579.1333E-03,-814.9372E-03
+2.7500E-03,-478.6307E-03,-794.8367E-03
+3.0000E-03,-478.6307E-03,-814.9372E-03
+3.2500E-03,-488.6810E-03,-855.1382E-03
+3.5000E-03,-418.3292E-03,-875.2387E-03
+3.7500E-03,-448.4800E-03,-845.0879E-03
+4.0000E-03,-398.2287E-03,-935.5402E-03
+4.2500E-03,-398.2287E-03,-945.5904E-03
+4.5000E-03,-498.7312E-03,-935.5402E-03
+4.7500E-03,-398.2287E-03,-1.0058919E+00
+5.0000E-03,-358.0277E-03,-975.7412E-03
+5.2500E-03,-428.3795E-03,-1.0259924E+00
+5.5000E-03,-378.1282E-03,-1.0159422E+00
+5.7500E-03,-408.2790E-03,-995.8417E-03
+6.0000E-03,-398.2287E-03,-1.0561432E+00
+6.2500E-03,-368.0780E-03,-1.0762437E+00
+6.5000E-03,-337.9272E-03,-1.0963442E+00
+6.7500E-03,-358.0277E-03,-1.1063944E+00
+7.0000E-03,-317.8267E-03,-1.1365452E+00
+7.2500E-03,-378.1282E-03,-1.1465954E+00
+7.5000E-03,-378.1282E-03,-1.1968467E+00
+7.7500E-03,-347.9775E-03,-1.1063944E+00
+8.0000E-03,-398.2287E-03,-1.0963442E+00
+8.2500E-03,-327.8770E-03,-1.1767462E+00
+8.5000E-03,-317.8267E-03,-1.2169472E+00
+8.7500E-03,-347.9775E-03,-1.2671985E+00
+9.0000E-03,-317.8267E-03,-1.2571482E+00
+9.2500E-03,-297.7262E-03,-1.2571482E+00
+9.5000E-03,-358.0277E-03,-1.2370477E+00
+9.7500E-03,-358.0277E-03,-1.2872990E+00
+10.0000E-03,-358.0277E-03,-1.3375502E+00
+10.2500E-03,-327.8770E-03,-1.2872990E+00
+10.5000E-03,-337.9272E-03,-1.3576507E+00
+10.7500E-03,-307.7765E-03,-1.2973492E+00
+11.0000E-03,-317.8267E-03,-1.3375502E+00
+11.2500E-03,-327.8770E-03,-1.3677010E+00
+11.5000E-03,-358.0277E-03,-1.4179522E+00
+11.7500E-03,-358.0277E-03,-1.3777512E+00
+12.0000E-03,-358.0277E-03,-1.3777512E+00
+12.2500E-03,-347.9775E-03,-1.4079020E+00
+12.5000E-03,-297.7262E-03,-1.4782537E+00
+12.7500E-03,-327.8770E-03,-1.4581532E+00
+13.0000E-03,-358.0277E-03,-1.4179522E+00
+13.2500E-03,-327.8770E-03,-1.5486055E+00
+13.5000E-03,-277.6257E-03,-1.4380527E+00
+13.7500E-03,-287.6760E-03,-1.5787562E+00
+14.0000E-03,-317.8267E-03,-1.5787562E+00
+14.2500E-03,-327.8770E-03,-1.5486055E+00
+14.5000E-03,-337.9272E-03,-1.5385552E+00
+14.7500E-03,-337.9272E-03,-1.5787562E+00
+15.0000E-03,-237.4247E-03,-1.6189572E+00
+15.2500E-03,-347.9775E-03,-1.5687060E+00
+15.5000E-03,-317.8267E-03,-1.5787562E+00
+15.7500E-03,-368.0780E-03,-1.5486055E+00
+16.0000E-03,-398.2287E-03,-1.5385552E+00
+16.2500E-03,-327.8770E-03,-1.5385552E+00
+16.5000E-03,-237.4247E-03,-1.6189572E+00
+16.7500E-03,-398.2287E-03,-1.6390577E+00
+17.0000E-03,-277.6257E-03,-1.6591583E+00
+17.2500E-03,-337.9272E-03,-1.6491080E+00
+17.5000E-03,-337.9272E-03,-1.6189572E+00
+17.7500E-03,-287.6760E-03,-1.7094095E+00
+18.0000E-03,-317.8267E-03,-1.6993593E+00
+18.2500E-03,-327.8770E-03,-1.6491080E+00
+18.5000E-03,-297.7262E-03,-1.6792588E+00
+18.7500E-03,-317.8267E-03,-1.7395603E+00
+19.0000E-03,-317.8267E-03,-1.7395603E+00
+19.2500E-03,-287.6760E-03,-1.7395603E+00
+19.5000E-03,-257.5252E-03,-1.7998618E+00
+19.7500E-03,-307.7765E-03,-1.7094095E+00
+20.0000E-03,-358.0277E-03,-1.7797613E+00
+20.2500E-03,-267.5755E-03,-1.7596608E+00
+20.5000E-03,-297.7262E-03,-1.7797613E+00
+20.7500E-03,-337.9272E-03,-1.7998618E+00
+21.0000E-03,-317.8267E-03,-1.7797613E+00
+21.2500E-03,-347.9775E-03,-1.7596608E+00
+21.5000E-03,-337.9272E-03,-1.8601633E+00
+21.7500E-03,-287.6760E-03,-1.7496105E+00
+22.0000E-03,-358.0277E-03,-1.8601633E+00
+22.2500E-03,-287.6760E-03,-1.8300125E+00
+22.5000E-03,-277.6257E-03,-1.8802638E+00
+22.7500E-03,-368.0780E-03,-1.8903140E+00
+23.0000E-03,-317.8267E-03,-1.8601633E+00
+23.2500E-03,-307.7765E-03,-1.8601633E+00
+23.5000E-03,-297.7262E-03,-1.8601633E+00
+23.7500E-03,-307.7765E-03,-1.9104145E+00
+24.0000E-03,-438.4297E-03,-1.8601633E+00
+24.2500E-03,-277.6257E-03,-1.9104145E+00
+24.5000E-03,-297.7262E-03,-1.9405653E+00
+24.7500E-03,-378.1282E-03,-1.9104145E+00
+25.0000E-03,-317.8267E-03,-1.9405653E+00
+25.2500E-03,-287.6760E-03,-1.9104145E+00
+25.5000E-03,-257.5252E-03,-1.9405653E+00
+25.7500E-03,-327.8770E-03,-1.9807663E+00
+26.0000E-03,-358.0277E-03,-1.9405653E+00
+26.2500E-03,-287.6760E-03,-2.0008668E+00
+26.5000E-03,-277.6257E-03,-1.9606658E+00
+26.7500E-03,-317.8267E-03,-2.0008668E+00
+27.0000E-03,-358.0277E-03,-1.9405653E+00
+27.2500E-03,-327.8770E-03,-1.9606658E+00
+27.5000E-03,-297.7262E-03,-2.0209673E+00
+27.7500E-03,-257.5252E-03,-2.0209673E+00
+28.0000E-03,-317.8267E-03,-1.9405653E+00
+28.2500E-03,-307.7765E-03,-2.0209673E+00
+28.5000E-03,-297.7262E-03,-2.1013693E+00
+28.7500E-03,-277.6257E-03,-2.0008668E+00
+29.0000E-03,-317.8267E-03,-2.0611683E+00
+29.2500E-03,-307.7765E-03,-2.0410678E+00
+29.5000E-03,-337.9272E-03,-2.0410678E+00
+29.7500E-03,-307.7765E-03,-2.0611683E+00
+30.0000E-03,-277.6257E-03,-2.0611683E+00
+30.2500E-03,-317.8267E-03,-2.1214698E+00
+30.5000E-03,-297.7262E-03,-2.1013693E+00
+30.7500E-03,-277.6257E-03,-2.0611683E+00
+31.0000E-03,-317.8267E-03,-2.1013693E+00
+31.2500E-03,-337.9272E-03,-2.0812688E+00
+31.5000E-03,-297.7262E-03,-2.1214698E+00
+31.7500E-03,-358.0277E-03,-2.1315201E+00
+32.0000E-03,-317.8267E-03,-2.0611683E+00
+32.2500E-03,-257.5252E-03,-2.1817713E+00
+32.5000E-03,-358.0277E-03,-2.0812688E+00
+32.7500E-03,-327.8770E-03,-2.1616708E+00
+33.0000E-03,-237.4247E-03,-2.1817713E+00
+33.2500E-03,-237.4247E-03,-2.1817713E+00
+33.5000E-03,-317.8267E-03,-2.2018718E+00
+33.7500E-03,-287.6760E-03,-2.1214698E+00
+34.0000E-03,-317.8267E-03,-2.2219723E+00
+34.2500E-03,-237.4247E-03,-2.0913191E+00
+34.5000E-03,-257.5252E-03,-2.1616708E+00
+34.7500E-03,-307.7765E-03,-2.1817713E+00
+35.0000E-03,-277.6257E-03,-2.1415703E+00
+35.2500E-03,-297.7262E-03,-2.1315201E+00
+35.5000E-03,-297.7262E-03,-2.1817713E+00
+35.7500E-03,-267.5755E-03,-2.1516206E+00
+36.0000E-03,-358.0277E-03,-2.1817713E+00
+36.2500E-03,-307.7765E-03,-2.1516206E+00
+36.5000E-03,-257.5252E-03,-2.2420728E+00
+36.7500E-03,-257.5252E-03,-2.2119221E+00
+37.0000E-03,-317.8267E-03,-2.2621733E+00
+37.2500E-03,-317.8267E-03,-2.2119221E+00
+37.5000E-03,-257.5252E-03,-2.2018718E+00
+37.7500E-03,-237.4247E-03,-2.2219723E+00
+38.0000E-03,-317.8267E-03,-2.2621733E+00
+38.2500E-03,-267.5755E-03,-2.2621733E+00
+38.5000E-03,-317.8267E-03,-2.2621733E+00
+38.7500E-03,-307.7765E-03,-2.2420728E+00
+39.0000E-03,-277.6257E-03,-2.2219723E+00
+39.2500E-03,-347.9775E-03,-2.2320226E+00
+39.5000E-03,-277.6257E-03,-2.2420728E+00
+39.7500E-03,-317.8267E-03,-2.2923241E+00
+40.0000E-03,-237.4247E-03,-2.3023743E+00
+40.2500E-03,-378.1282E-03,-2.3325251E+00
+40.5000E-03,-317.8267E-03,-2.2822738E+00
+40.7500E-03,-287.6760E-03,-2.2320226E+00
+41.0000E-03,-277.6257E-03,-2.2621733E+00
+41.2500E-03,-347.9775E-03,-2.2822738E+00
+41.5000E-03,-358.0277E-03,-2.2822738E+00
+41.7500E-03,-368.0780E-03,-2.3124246E+00
+42.0000E-03,-277.6257E-03,-2.3023743E+00
+42.2500E-03,-337.9272E-03,-2.3325251E+00
+42.5000E-03,-237.4247E-03,-2.2822738E+00
+42.7500E-03,-277.6257E-03,-2.3023743E+00
+43.0000E-03,-317.8267E-03,-2.3425753E+00
+43.2500E-03,-237.4247E-03,-2.3526256E+00
+43.5000E-03,-317.8267E-03,-2.3224748E+00
+43.7500E-03,-317.8267E-03,-2.3727261E+00
+44.0000E-03,-317.8267E-03,-2.3425753E+00
+44.2500E-03,-347.9775E-03,-2.3626758E+00
+44.5000E-03,-317.8267E-03,-2.3023743E+00
+44.7500E-03,-257.5252E-03,-2.3626758E+00
+45.0000E-03,-317.8267E-03,-2.3023743E+00
+45.2500E-03,-287.6760E-03,-2.3325251E+00
+45.5000E-03,-277.6257E-03,-2.3425753E+00
+45.7500E-03,-287.6760E-03,-2.2521231E+00
+46.0000E-03,-317.8267E-03,-2.3425753E+00
+46.2500E-03,-337.9272E-03,-2.3928266E+00
+46.5000E-03,-337.9272E-03,-2.3425753E+00
+46.7500E-03,-287.6760E-03,-2.3023743E+00
+47.0000E-03,-277.6257E-03,-2.3425753E+00
+47.2500E-03,-287.6760E-03,-2.3827763E+00
+47.5000E-03,-257.5252E-03,-2.3626758E+00
+47.7500E-03,-347.9775E-03,-2.3526256E+00
+48.0000E-03,-237.4247E-03,-2.3827763E+00
+48.2500E-03,-257.5252E-03,-2.3425753E+00
+48.5000E-03,-317.8267E-03,-2.3626758E+00
+48.7500E-03,-327.8770E-03,-2.3425753E+00
+49.0000E-03,-277.6257E-03,-2.3827763E+00
+49.2500E-03,-277.6257E-03,-2.4129271E+00
+49.5000E-03,-257.5252E-03,-2.4430778E+00
+49.7500E-03,-358.0277E-03,-2.4129271E+00
+50.0000E-03,-317.8267E-03,-2.4229773E+00
+50.2500E-03,-327.8770E-03,-2.3928266E+00
+50.5000E-03,-337.9272E-03,-2.4430778E+00
+50.7500E-03,-287.6760E-03,-2.4129271E+00
+51.0000E-03,-277.6257E-03,-2.3425753E+00
+51.2500E-03,-327.8770E-03,-2.4229773E+00
+51.5000E-03,-358.0277E-03,-2.3626758E+00
+51.7500E-03,-247.4750E-03,-2.3727261E+00
+52.0000E-03,-277.6257E-03,-2.3827763E+00
+52.2500E-03,-297.7262E-03,-2.4229773E+00
+52.5000E-03,-337.9272E-03,-2.4832788E+00
+52.7500E-03,-297.7262E-03,-2.4430778E+00
+53.0000E-03,-358.0277E-03,-2.5033793E+00
+53.2500E-03,-277.6257E-03,-2.4531281E+00
+53.5000E-03,-257.5252E-03,-2.4631783E+00
+53.7500E-03,-257.5252E-03,-2.4129271E+00
+54.0000E-03,-277.6257E-03,-2.4631783E+00
+54.2500E-03,-227.3745E-03,-2.4933291E+00
+54.5000E-03,-297.7262E-03,-2.4229773E+00
+54.7500E-03,-297.7262E-03,-2.4631783E+00
+55.0000E-03,-358.0277E-03,-2.5435804E+00
+55.2500E-03,-277.6257E-03,-2.4330276E+00
+55.5000E-03,-337.9272E-03,-2.3827763E+00
+55.7500E-03,-257.5252E-03,-2.4430778E+00
+56.0000E-03,-277.6257E-03,-2.4631783E+00
+56.2500E-03,-307.7765E-03,-2.4832788E+00
+56.5000E-03,-317.8267E-03,-2.5033793E+00
+56.7500E-03,-257.5252E-03,-2.5033793E+00
+57.0000E-03,-237.4247E-03,-2.4631783E+00
+57.2500E-03,-287.6760E-03,-2.4832788E+00
+57.5000E-03,-277.6257E-03,-2.4832788E+00
+57.7500E-03,-307.7765E-03,-2.5134296E+00
+58.0000E-03,-317.8267E-03,-2.4631783E+00
+58.2500E-03,-317.8267E-03,-2.4933291E+00
+58.5000E-03,-317.8267E-03,-2.5636809E+00
+58.7500E-03,-217.3242E-03,-2.5335301E+00
+59.0000E-03,-317.8267E-03,-2.5033793E+00
+59.2500E-03,-327.8770E-03,-2.4832788E+00
+59.5000E-03,-297.7262E-03,-2.4631783E+00
+59.7500E-03,-317.8267E-03,-1.6792588E+00
+60.0000E-03,-358.0277E-03,-1.4179522E+00
+60.2500E-03,-378.1282E-03,-1.1968467E+00
+60.5000E-03,-378.1282E-03,-1.0360427E+00
+60.7500E-03,-458.5302E-03,-945.5904E-03
+61.0000E-03,-478.6307E-03,-895.3392E-03
+61.2500E-03,-448.4800E-03,-804.8869E-03
+61.5000E-03,-418.3292E-03,-774.7362E-03
+61.7500E-03,-538.9322E-03,-824.9874E-03
+62.0000E-03,-478.6307E-03,-734.5351E-03
+62.2500E-03,-609.2840E-03,-694.3341E-03
+62.5000E-03,-619.3343E-03,-734.5351E-03
+62.7500E-03,-589.1835E-03,-684.2839E-03
+63.0000E-03,-559.0327E-03,-654.1331E-03
+63.2500E-03,-669.5855E-03,-704.3844E-03
+63.5000E-03,-679.6358E-03,-593.8316E-03
+63.7500E-03,-689.6860E-03,-704.3844E-03
+64.0000E-03,-679.6358E-03,-654.1331E-03
+64.2500E-03,-739.9373E-03,-553.6306E-03
+64.5000E-03,-840.4398E-03,-593.8316E-03
+64.7500E-03,-770.0880E-03,-583.7814E-03
+65.0000E-03,-840.4398E-03,-573.7311E-03
+65.2500E-03,-830.3895E-03,-583.7814E-03
+65.5000E-03,-840.4398E-03,-553.6306E-03
+65.7500E-03,-840.4398E-03,-603.8819E-03
+66.0000E-03,-840.4398E-03,-493.3291E-03
+66.2500E-03,-940.9423E-03,-603.8819E-03
+66.5000E-03,-900.7413E-03,-553.6306E-03
+66.7500E-03,-920.8418E-03,-513.4296E-03
+67.0000E-03,-961.0428E-03,-613.9321E-03
+67.2500E-03,-981.1433E-03,-573.7311E-03
+67.5000E-03,-961.0428E-03,-553.6306E-03
+67.7500E-03,-1.0012438E+00,-553.6306E-03
+68.0000E-03,-961.0428E-03,-613.9321E-03
+68.2500E-03,-1.0112941E+00,-493.3291E-03
+68.5000E-03,-981.1433E-03,-533.5301E-03
+68.7500E-03,-1.0816458E+00,-533.5301E-03
+69.0000E-03,-1.0012438E+00,-533.5301E-03
+69.2500E-03,-1.0213443E+00,-563.6809E-03
+69.5000E-03,-1.0816458E+00,-553.6306E-03
+69.7500E-03,-1.0414448E+00,-533.5301E-03
+70.0000E-03,-1.0816458E+00,-613.9321E-03
+70.2500E-03,-1.1419473E+00,-483.2789E-03
+70.5000E-03,-1.1419473E+00,-553.6306E-03
+70.7500E-03,-1.1519976E+00,-553.6306E-03
+71.0000E-03,-1.1218468E+00,-453.1281E-03
+71.2500E-03,-1.1419473E+00,-533.5301E-03
+71.5000E-03,-1.1821483E+00,-573.7311E-03
+71.7500E-03,-1.2022488E+00,-533.5301E-03
+72.0000E-03,-1.2022488E+00,-533.5301E-03
+72.2500E-03,-1.2022488E+00,-583.7814E-03
+72.5000E-03,-1.1821483E+00,-513.4296E-03
+72.7500E-03,-1.2826508E+00,-513.4296E-03
+73.0000E-03,-1.2826508E+00,-493.3291E-03
+73.2500E-03,-1.2726006E+00,-533.5301E-03
+73.5000E-03,-1.2826508E+00,-573.7311E-03
+73.7500E-03,-1.2525001E+00,-543.5804E-03
+74.0000E-03,-1.3630528E+00,-533.5301E-03
+74.2500E-03,-1.2323996E+00,-473.2286E-03
+74.5000E-03,-1.3429523E+00,-513.4296E-03
+74.7500E-03,-1.3731031E+00,-483.2789E-03
+75.0000E-03,-1.3228518E+00,-533.5301E-03
+75.2500E-03,-1.3630528E+00,-513.4296E-03
+75.5000E-03,-1.3027513E+00,-533.5301E-03
+75.7500E-03,-1.2927011E+00,-563.6809E-03
+76.0000E-03,-1.3228518E+00,-573.7311E-03
+76.2500E-03,-1.4434549E+00,-493.3291E-03
+76.5000E-03,-1.3831533E+00,-513.4296E-03
+76.7500E-03,-1.4836559E+00,-493.3291E-03
+77.0000E-03,-1.4434549E+00,-533.5301E-03
+77.2500E-03,-1.4434549E+00,-523.4799E-03
+77.5000E-03,-1.4434549E+00,-513.4296E-03
+77.7500E-03,-1.5439574E+00,-493.3291E-03
+78.0000E-03,-1.4836559E+00,-533.5301E-03
+78.2500E-03,-1.4434549E+00,-553.6306E-03
+78.5000E-03,-1.4635554E+00,-453.1281E-03
+78.7500E-03,-1.5037564E+00,-473.2286E-03
+79.0000E-03,-1.5238569E+00,-533.5301E-03
+79.2500E-03,-1.5037564E+00,-513.4296E-03
+79.5000E-03,-1.5439574E+00,-412.9271E-03
+79.7500E-03,-1.5540076E+00,-533.5301E-03
+80.0000E-03,-1.6042589E+00,-493.3291E-03
+80.2500E-03,-1.4937061E+00,-493.3291E-03
+80.5000E-03,-1.6042589E+00,-533.5301E-03
+80.7500E-03,-1.5138066E+00,-533.5301E-03
+81.0000E-03,-1.6042589E+00,-533.5301E-03
+81.2500E-03,-1.6344096E+00,-493.3291E-03
+81.5000E-03,-1.6444599E+00,-473.2286E-03
+81.7500E-03,-1.6746106E+00,-543.5804E-03
+82.0000E-03,-1.5640579E+00,-533.5301E-03
+82.2500E-03,-1.6545101E+00,-573.7311E-03
+82.5000E-03,-1.6444599E+00,-493.3291E-03
+82.7500E-03,-1.6746106E+00,-513.4296E-03
+83.0000E-03,-1.7248619E+00,-493.3291E-03
+83.2500E-03,-1.6746106E+00,-463.1784E-03
+83.5000E-03,-1.6243594E+00,-453.1281E-03
+83.7500E-03,-1.6645604E+00,-513.4296E-03
+84.0000E-03,-1.6846609E+00,-412.9271E-03
+84.2500E-03,-1.6746106E+00,-543.5804E-03
+84.5000E-03,-1.7449624E+00,-513.4296E-03
+84.7500E-03,-1.8052639E+00,-513.4296E-03
+85.0000E-03,-1.6846609E+00,-533.5301E-03
+85.2500E-03,-1.7349121E+00,-473.2286E-03
+85.5000E-03,-1.7047614E+00,-533.5301E-03
+85.7500E-03,-1.7650629E+00,-523.4799E-03
+86.0000E-03,-1.6846609E+00,-533.5301E-03
+86.2500E-03,-1.6645604E+00,-523.4799E-03
+86.5000E-03,-1.7851634E+00,-533.5301E-03
+86.7500E-03,-1.7650629E+00,-523.4799E-03
+87.0000E-03,-1.7650629E+00,-573.7311E-03
+87.2500E-03,-1.8153141E+00,-563.6809E-03
+87.5000E-03,-1.8655654E+00,-513.4296E-03
+87.7500E-03,-1.8454649E+00,-563.6809E-03
+88.0000E-03,-1.8052639E+00,-493.3291E-03
+88.2500E-03,-1.7650629E+00,-503.3794E-03
+88.5000E-03,-1.8052639E+00,-453.1281E-03
+88.7500E-03,-1.8655654E+00,-543.5804E-03
+89.0000E-03,-1.8454649E+00,-453.1281E-03
+89.2500E-03,-1.8052639E+00,-503.3794E-03
+89.5000E-03,-1.8856659E+00,-453.1281E-03
+89.7500E-03,-1.8756156E+00,-503.3794E-03
+90.0000E-03,-1.8052639E+00,-533.5301E-03
+90.2500E-03,-1.9057664E+00,-523.4799E-03
+90.5000E-03,-1.8253644E+00,-553.6306E-03
+90.7500E-03,-1.8655654E+00,-493.3291E-03
+91.0000E-03,-1.8052639E+00,-493.3291E-03
+91.2500E-03,-1.8756156E+00,-543.5804E-03
+91.5000E-03,-1.8856659E+00,-493.3291E-03
+91.7500E-03,-1.8454649E+00,-533.5301E-03
+92.0000E-03,-1.8052639E+00,-533.5301E-03
+92.2500E-03,-1.8756156E+00,-523.4799E-03
+92.5000E-03,-1.8655654E+00,-533.5301E-03
+92.7500E-03,-1.9158167E+00,-533.5301E-03
+93.0000E-03,-1.9258669E+00,-493.3291E-03
+93.2500E-03,-1.9359172E+00,-543.5804E-03
+93.5000E-03,-1.9057664E+00,-453.1281E-03
+93.7500E-03,-1.9158167E+00,-593.8316E-03
+94.0000E-03,-1.8454649E+00,-573.7311E-03
+94.2500E-03,-1.9761182E+00,-473.2286E-03
+94.5000E-03,-1.8655654E+00,-493.3291E-03
+94.7500E-03,-1.9761182E+00,-493.3291E-03
+95.0000E-03,-1.9258669E+00,-412.9271E-03
+95.2500E-03,-1.9359172E+00,-453.1281E-03
+95.5000E-03,-1.9057664E+00,-473.2286E-03
+95.7500E-03,-1.9158167E+00,-503.3794E-03
+96.0000E-03,-1.9660679E+00,-453.1281E-03
+96.2500E-03,-2.0464699E+00,-513.4296E-03
+96.5000E-03,-1.9057664E+00,-493.3291E-03
+96.7500E-03,-1.9962187E+00,-523.4799E-03
+97.0000E-03,-1.9660679E+00,-453.1281E-03
+97.2500E-03,-2.0062689E+00,-503.3794E-03
+97.5000E-03,-2.0263694E+00,-493.3291E-03
+97.7500E-03,-2.0163192E+00,-493.3291E-03
+98.0000E-03,-1.9660679E+00,-573.7311E-03
+98.2500E-03,-2.0062689E+00,-563.6809E-03
+98.5000E-03,-1.9861684E+00,-533.5301E-03
+98.7500E-03,-2.0364197E+00,-473.2286E-03
+99.0000E-03,-2.0464699E+00,-533.5301E-03
+99.2500E-03,-2.0163192E+00,-473.2286E-03
+99.5000E-03,-2.0062689E+00,-493.3291E-03
+99.7500E-03,-1.9962187E+00,-503.3794E-03
+100.0000E-03,-2.0464699E+00,-533.5301E-03
+100.2500E-03,-2.0062689E+00,-493.3291E-03
+100.5000E-03,-2.0464699E+00,-513.4296E-03
+100.7500E-03,-2.0062689E+00,-523.4799E-03
+101.0000E-03,-2.0464699E+00,-533.5301E-03
+101.2500E-03,-2.0766207E+00,-513.4296E-03
+101.5000E-03,-2.0866709E+00,-473.2286E-03
+101.7500E-03,-2.0464699E+00,-493.3291E-03
+102.0000E-03,-2.1268719E+00,-533.5301E-03
+102.2500E-03,-2.1067714E+00,-533.5301E-03
+102.5000E-03,-2.0866709E+00,-513.4296E-03
+102.7500E-03,-2.0665704E+00,-533.5301E-03
+103.0000E-03,-2.1268719E+00,-412.9271E-03
+103.2500E-03,-2.0464699E+00,-543.5804E-03
+103.5000E-03,-2.0665704E+00,-493.3291E-03
+103.7500E-03,-2.1067714E+00,-473.2286E-03
+104.0000E-03,-2.1268719E+00,-493.3291E-03
+104.2500E-03,-2.0464699E+00,-503.3794E-03
+104.5000E-03,-2.1067714E+00,-513.4296E-03
+104.7500E-03,-2.1570227E+00,-503.3794E-03
+105.0000E-03,-2.1268719E+00,-533.5301E-03
+105.2500E-03,-2.1268719E+00,-543.5804E-03
+105.5000E-03,-2.1067714E+00,-513.4296E-03
+105.7500E-03,-2.1168217E+00,-523.4799E-03
+106.0000E-03,-2.1670729E+00,-533.5301E-03
+106.2500E-03,-2.0967212E+00,-493.3291E-03
+106.5000E-03,-2.0866709E+00,-433.0276E-03
+106.7500E-03,-2.1067714E+00,-453.1281E-03
+107.0000E-03,-2.1268719E+00,-533.5301E-03
+107.2500E-03,-2.2173242E+00,-473.2286E-03
+107.5000E-03,-2.0866709E+00,-513.4296E-03
+107.7500E-03,-2.1871734E+00,-533.5301E-03
+108.0000E-03,-2.0866709E+00,-493.3291E-03
+108.2500E-03,-2.2374247E+00,-523.4799E-03
+108.5000E-03,-2.1670729E+00,-533.5301E-03
+108.7500E-03,-2.1369222E+00,-513.4296E-03
+109.0000E-03,-2.1670729E+00,-493.3291E-03
+109.2500E-03,-2.1670729E+00,-433.0276E-03
+109.5000E-03,-2.1067714E+00,-533.5301E-03
+109.7500E-03,-2.2474749E+00,-553.6306E-03
+110.0000E-03,-2.2072739E+00,-533.5301E-03
+110.2500E-03,-2.2273744E+00,-483.2789E-03
+110.5000E-03,-2.2474749E+00,-533.5301E-03
+110.7500E-03,-2.2474749E+00,-613.9321E-03
+111.0000E-03,-2.2474749E+00,-573.7311E-03
+111.2500E-03,-2.1871734E+00,-483.2789E-03
+111.5000E-03,-2.2072739E+00,-473.2286E-03
+111.7500E-03,-2.1369222E+00,-543.5804E-03
+112.0000E-03,-2.2072739E+00,-573.7311E-03
+112.2500E-03,-2.1871734E+00,-523.4799E-03
+112.5000E-03,-2.2675754E+00,-513.4296E-03
+112.7500E-03,-2.2776257E+00,-503.3794E-03
+113.0000E-03,-2.2474749E+00,-412.9271E-03
+113.2500E-03,-2.2575252E+00,-533.5301E-03
+113.5000E-03,-2.2675754E+00,-513.4296E-03
+113.7500E-03,-2.2474749E+00,-543.5804E-03
+114.0000E-03,-2.1670729E+00,-493.3291E-03
+114.2500E-03,-2.2273744E+00,-543.5804E-03
+114.5000E-03,-2.2072739E+00,-493.3291E-03
+114.7500E-03,-2.2776257E+00,-503.3794E-03
+115.0000E-03,-2.2474749E+00,-493.3291E-03
+115.2500E-03,-2.2374247E+00,-533.5301E-03
+115.5000E-03,-2.2072739E+00,-493.3291E-03
+115.7500E-03,-2.3077764E+00,-453.1281E-03
+116.0000E-03,-2.2876759E+00,-453.1281E-03
+116.2500E-03,-2.2876759E+00,-543.5804E-03
+116.5000E-03,-2.2876759E+00,-473.2286E-03
+116.7500E-03,-2.2776257E+00,-533.5301E-03
+117.0000E-03,-2.2876759E+00,-493.3291E-03
+117.2500E-03,-2.2273744E+00,-503.3794E-03
+117.5000E-03,-2.2876759E+00,-513.4296E-03
+117.7500E-03,-2.2675754E+00,-503.3794E-03
+118.0000E-03,-2.2474749E+00,-493.3291E-03
+118.2500E-03,-2.2575252E+00,-503.3794E-03
+118.5000E-03,-2.2072739E+00,-453.1281E-03
+118.7500E-03,-2.2776257E+00,-533.5301E-03
+119.0000E-03,-2.2876759E+00,-533.5301E-03
+119.2500E-03,-2.2876759E+00,-473.2286E-03
+119.5000E-03,-2.2876759E+00,-493.3291E-03
+119.7500E-03,-1.7349121E+00,-473.2286E-03
+120.0000E-03,-1.4032538E+00,-533.5301E-03
+120.2500E-03,-1.1821483E+00,-613.9321E-03
+120.5000E-03,-1.0414448E+00,-613.9321E-03
+120.7500E-03,-910.7915E-03,-674.2336E-03
+121.0000E-03,-880.6408E-03,-734.5351E-03
+121.2500E-03,-770.0880E-03,-714.4346E-03
+121.5000E-03,-699.7363E-03,-714.4346E-03
+121.7500E-03,-679.6358E-03,-714.4346E-03
+122.0000E-03,-679.6358E-03,-774.7362E-03
+122.2500E-03,-559.0327E-03,-744.5854E-03
+122.5000E-03,-599.2338E-03,-774.7362E-03
+122.7500E-03,-528.8820E-03,-764.6859E-03
+123.0000E-03,-478.6307E-03,-774.7362E-03
+123.2500E-03,-468.5805E-03,-845.0879E-03
+123.5000E-03,-458.5302E-03,-855.1382E-03
+123.7500E-03,-468.5805E-03,-865.1884E-03
+124.0000E-03,-478.6307E-03,-855.1382E-03
+124.2500E-03,-438.4297E-03,-955.6407E-03
+124.5000E-03,-438.4297E-03,-955.6407E-03
+124.7500E-03,-438.4297E-03,-985.7914E-03
+125.0000E-03,-438.4297E-03,-975.7412E-03
+125.2500E-03,-428.3795E-03,-975.7412E-03
+125.5000E-03,-378.1282E-03,-955.6407E-03
+125.7500E-03,-438.4297E-03,-995.8417E-03
+126.0000E-03,-438.4297E-03,-1.0159422E+00
+126.2500E-03,-408.2790E-03,-985.7914E-03
+126.5000E-03,-378.1282E-03,-1.0762437E+00
+126.7500E-03,-368.0780E-03,-1.0661934E+00
+127.0000E-03,-237.4247E-03,-1.1767462E+00
+127.2500E-03,-358.0277E-03,-1.1164447E+00
+127.5000E-03,-398.2287E-03,-1.1566457E+00
+127.7500E-03,-378.1282E-03,-1.1767462E+00
+128.0000E-03,-277.6257E-03,-1.1767462E+00
+128.2500E-03,-317.8267E-03,-1.1767462E+00
+128.5000E-03,-378.1282E-03,-1.1968467E+00
+128.7500E-03,-337.9272E-03,-1.2571482E+00
+129.0000E-03,-398.2287E-03,-1.2973492E+00
+129.2500E-03,-347.9775E-03,-1.2671985E+00
+129.5000E-03,-378.1282E-03,-1.2169472E+00
+129.7500E-03,-287.6760E-03,-1.2973492E+00
+130.0000E-03,-358.0277E-03,-1.3375502E+00
+130.2500E-03,-297.7262E-03,-1.3275000E+00
+130.5000E-03,-358.0277E-03,-1.3375502E+00
+130.7500E-03,-257.5252E-03,-1.3576507E+00
+131.0000E-03,-317.8267E-03,-1.3375502E+00
+131.2500E-03,-337.9272E-03,-1.3777512E+00
+131.5000E-03,-277.6257E-03,-1.3777512E+00
+131.7500E-03,-347.9775E-03,-1.4179522E+00
+132.0000E-03,-358.0277E-03,-1.4179522E+00
+132.2500E-03,-297.7262E-03,-1.4179522E+00
+132.5000E-03,-358.0277E-03,-1.4179522E+00
+132.7500E-03,-307.7765E-03,-1.3978517E+00
+133.0000E-03,-277.6257E-03,-1.4983542E+00
+133.2500E-03,-327.8770E-03,-1.5084045E+00
+133.5000E-03,-277.6257E-03,-1.4782537E+00
+133.7500E-03,-327.8770E-03,-1.5285050E+00
+134.0000E-03,-317.8267E-03,-1.4581532E+00
+134.2500E-03,-317.8267E-03,-1.5385552E+00
+134.5000E-03,-317.8267E-03,-1.5385552E+00
+134.7500E-03,-257.5252E-03,-1.5486055E+00
+135.0000E-03,-358.0277E-03,-1.5787562E+00
+135.2500E-03,-277.6257E-03,-1.5486055E+00
+135.5000E-03,-297.7262E-03,-1.5787562E+00
+135.7500E-03,-337.9272E-03,-1.6089070E+00
+136.0000E-03,-277.6257E-03,-1.6189572E+00
+136.2500E-03,-287.6760E-03,-1.6189572E+00
+136.5000E-03,-317.8267E-03,-1.6189572E+00
+136.7500E-03,-287.6760E-03,-1.6591583E+00
+137.0000E-03,-277.6257E-03,-1.5787562E+00
+137.2500E-03,-388.1785E-03,-1.6491080E+00
+137.5000E-03,-317.8267E-03,-1.6792588E+00
+137.7500E-03,-337.9272E-03,-1.6893090E+00
+138.0000E-03,-358.0277E-03,-1.7395603E+00
+138.2500E-03,-317.8267E-03,-1.7295100E+00
+138.5000E-03,-297.7262E-03,-1.7395603E+00
+138.7500E-03,-327.8770E-03,-1.7094095E+00
+139.0000E-03,-237.4247E-03,-1.7395603E+00
+139.2500E-03,-307.7765E-03,-1.7094095E+00
+139.5000E-03,-337.9272E-03,-1.7194598E+00
+139.7500E-03,-257.5252E-03,-1.7496105E+00
+140.0000E-03,-317.8267E-03,-1.7797613E+00
+140.2500E-03,-317.8267E-03,-1.7496105E+00
+140.5000E-03,-337.9272E-03,-1.6993593E+00
+140.7500E-03,-307.7765E-03,-1.7395603E+00
+141.0000E-03,-317.8267E-03,-1.8199623E+00
+141.2500E-03,-307.7765E-03,-1.8501130E+00
+141.5000E-03,-337.9272E-03,-1.8400628E+00
+141.7500E-03,-337.9272E-03,-1.7998618E+00
+142.0000E-03,-317.8267E-03,-1.8199623E+00
+142.2500E-03,-337.9272E-03,-1.9104145E+00
+142.5000E-03,-277.6257E-03,-1.8400628E+00
+142.7500E-03,-327.8770E-03,-1.8702135E+00
+143.0000E-03,-317.8267E-03,-1.9003643E+00
+143.2500E-03,-277.6257E-03,-1.9104145E+00
+143.5000E-03,-337.9272E-03,-1.8601633E+00
+143.7500E-03,-277.6257E-03,-1.9104145E+00
+144.0000E-03,-317.8267E-03,-1.9003643E+00
+144.2500E-03,-317.8267E-03,-1.9405653E+00
+144.5000E-03,-317.8267E-03,-1.9003643E+00
+144.7500E-03,-317.8267E-03,-1.9606658E+00
+145.0000E-03,-317.8267E-03,-1.8601633E+00
+145.2500E-03,-347.9775E-03,-1.9606658E+00
+145.5000E-03,-337.9272E-03,-1.9405653E+00
+145.7500E-03,-277.6257E-03,-1.9305150E+00
+146.0000E-03,-317.8267E-03,-1.9405653E+00
+146.2500E-03,-277.6257E-03,-1.9405653E+00
+146.5000E-03,-297.7262E-03,-1.9807663E+00
+146.7500E-03,-267.5755E-03,-1.9908165E+00
+147.0000E-03,-358.0277E-03,-1.9807663E+00
+147.2500E-03,-267.5755E-03,-2.0410678E+00
+147.5000E-03,-317.8267E-03,-1.9807663E+00
+147.7500E-03,-287.6760E-03,-1.9807663E+00
+148.0000E-03,-237.4247E-03,-1.9807663E+00
+148.2500E-03,-317.8267E-03,-2.0209673E+00
+148.5000E-03,-277.6257E-03,-2.0611683E+00
+148.7500E-03,-317.8267E-03,-2.0913191E+00
+149.0000E-03,-358.0277E-03,-1.9405653E+00
+149.2500E-03,-247.4750E-03,-2.0611683E+00
+149.5000E-03,-257.5252E-03,-2.0611683E+00
+149.7500E-03,-287.6760E-03,-2.0511180E+00
+150.0000E-03,-277.6257E-03,-2.0611683E+00
+150.2500E-03,-287.6760E-03,-2.0511180E+00
+150.5000E-03,-237.4247E-03,-2.0812688E+00
+150.7500E-03,-237.4247E-03,-2.0611683E+00
+151.0000E-03,-277.6257E-03,-2.0611683E+00
+151.2500E-03,-277.6257E-03,-2.1013693E+00
+151.5000E-03,-277.6257E-03,-2.0812688E+00
+151.7500E-03,-337.9272E-03,-2.0913191E+00
+152.0000E-03,-317.8267E-03,-2.0611683E+00
+152.2500E-03,-257.5252E-03,-2.0712185E+00
+152.5000E-03,-358.0277E-03,-2.1817713E+00
+152.7500E-03,-337.9272E-03,-2.1013693E+00
+153.0000E-03,-317.8267E-03,-2.0209673E+00
+153.2500E-03,-247.4750E-03,-2.1114196E+00
+153.5000E-03,-277.6257E-03,-2.1013693E+00
+153.7500E-03,-267.5755E-03,-2.0913191E+00
+154.0000E-03,-317.8267E-03,-2.1415703E+00
+154.2500E-03,-297.7262E-03,-2.1717211E+00
+154.5000E-03,-337.9272E-03,-2.2219723E+00
+154.7500E-03,-267.5755E-03,-2.1817713E+00
+155.0000E-03,-237.4247E-03,-2.1013693E+00
+155.2500E-03,-287.6760E-03,-2.1717211E+00
+155.5000E-03,-277.6257E-03,-2.2018718E+00
+155.7500E-03,-307.7765E-03,-2.2219723E+00
+156.0000E-03,-358.0277E-03,-2.1415703E+00
+156.2500E-03,-368.0780E-03,-2.2722236E+00
+156.5000E-03,-297.7262E-03,-2.2822738E+00
+156.7500E-03,-257.5252E-03,-2.2521231E+00
+157.0000E-03,-317.8267E-03,-2.1817713E+00
+157.2500E-03,-277.6257E-03,-2.2822738E+00
+157.5000E-03,-277.6257E-03,-2.2219723E+00
+157.7500E-03,-237.4247E-03,-2.2521231E+00
+158.0000E-03,-317.8267E-03,-2.2219723E+00
+158.2500E-03,-247.4750E-03,-2.2923241E+00
+158.5000E-03,-257.5252E-03,-2.1616708E+00
+158.7500E-03,-327.8770E-03,-2.2119221E+00
+159.0000E-03,-398.2287E-03,-2.2219723E+00
+159.2500E-03,-247.4750E-03,-2.2219723E+00
+159.5000E-03,-277.6257E-03,-2.2621733E+00
+159.7500E-03,-297.7262E-03,-2.2621733E+00
+160.0000E-03,-317.8267E-03,-2.2621733E+00
+160.2500E-03,-297.7262E-03,-2.2722236E+00
+160.5000E-03,-317.8267E-03,-2.2822738E+00
+160.7500E-03,-317.8267E-03,-2.2722236E+00
+161.0000E-03,-317.8267E-03,-2.3023743E+00
+161.2500E-03,-327.8770E-03,-2.3626758E+00
+161.5000E-03,-277.6257E-03,-2.2219723E+00
+161.7500E-03,-307.7765E-03,-2.3023743E+00
+162.0000E-03,-237.4247E-03,-2.3023743E+00
+162.2500E-03,-277.6257E-03,-2.3023743E+00
+162.5000E-03,-337.9272E-03,-2.3425753E+00
+162.7500E-03,-307.7765E-03,-2.3224748E+00
+163.0000E-03,-317.8267E-03,-2.3023743E+00
+163.2500E-03,-297.7262E-03,-2.3023743E+00
+163.5000E-03,-277.6257E-03,-2.3425753E+00
+163.7500E-03,-277.6257E-03,-2.3023743E+00
+164.0000E-03,-277.6257E-03,-2.3023743E+00
+164.2500E-03,-297.7262E-03,-2.2420728E+00
+164.5000E-03,-358.0277E-03,-2.3224748E+00
+164.7500E-03,-237.4247E-03,-2.3626758E+00
+165.0000E-03,-317.8267E-03,-2.3827763E+00
+165.2500E-03,-307.7765E-03,-2.3425753E+00
+165.5000E-03,-297.7262E-03,-2.3827763E+00
+165.7500E-03,-237.4247E-03,-2.3124246E+00
+166.0000E-03,-438.4297E-03,-2.3425753E+00
+166.2500E-03,-388.1785E-03,-2.3727261E+00
+166.5000E-03,-257.5252E-03,-2.3425753E+00
+166.7500E-03,-277.6257E-03,-2.3727261E+00
+167.0000E-03,-317.8267E-03,-2.3827763E+00
+167.2500E-03,-177.1232E-03,-2.3727261E+00
+167.5000E-03,-277.6257E-03,-2.4028768E+00
+167.7500E-03,-247.4750E-03,-2.3526256E+00
+168.0000E-03,-277.6257E-03,-2.3827763E+00
+168.2500E-03,-247.4750E-03,-2.3626758E+00
+168.5000E-03,-277.6257E-03,-2.3827763E+00
+168.7500E-03,-287.6760E-03,-2.3425753E+00
+169.0000E-03,-317.8267E-03,-2.3827763E+00
+169.2500E-03,-277.6257E-03,-2.4330276E+00
+169.5000E-03,-358.0277E-03,-2.3626758E+00
+169.7500E-03,-277.6257E-03,-2.4430778E+00
+170.0000E-03,-358.0277E-03,-2.3425753E+00
+170.2500E-03,-287.6760E-03,-2.4028768E+00
+170.5000E-03,-257.5252E-03,-2.4229773E+00
+170.7500E-03,-277.6257E-03,-2.3727261E+00
+171.0000E-03,-277.6257E-03,-2.3827763E+00
+171.2500E-03,-317.8267E-03,-2.4028768E+00
+171.5000E-03,-297.7262E-03,-2.4229773E+00
+171.7500E-03,-287.6760E-03,-2.4933291E+00
+172.0000E-03,-277.6257E-03,-2.4229773E+00
+172.2500E-03,-267.5755E-03,-2.4832788E+00
+172.5000E-03,-257.5252E-03,-2.4028768E+00
+172.7500E-03,-297.7262E-03,-2.4229773E+00
+173.0000E-03,-237.4247E-03,-2.4631783E+00
+173.2500E-03,-327.8770E-03,-2.5134296E+00
+173.5000E-03,-217.3242E-03,-2.4631783E+00
+173.7500E-03,-277.6257E-03,-2.4330276E+00
+174.0000E-03,-237.4247E-03,-2.4631783E+00
+174.2500E-03,-287.6760E-03,-2.5536306E+00
+174.5000E-03,-297.7262E-03,-2.4832788E+00
+174.7500E-03,-277.6257E-03,-2.4531281E+00
+175.0000E-03,-358.0277E-03,-2.5435804E+00
+175.2500E-03,-247.4750E-03,-2.4732286E+00
+175.5000E-03,-277.6257E-03,-2.4229773E+00
+175.7500E-03,-237.4247E-03,-2.4732286E+00
+176.0000E-03,-237.4247E-03,-2.4631783E+00
+176.2500E-03,-257.5252E-03,-2.4229773E+00
+176.5000E-03,-337.9272E-03,-2.5033793E+00
+176.7500E-03,-287.6760E-03,-2.4631783E+00
+177.0000E-03,-237.4247E-03,-2.4631783E+00
+177.2500E-03,-247.4750E-03,-2.4631783E+00
+177.5000E-03,-237.4247E-03,-2.4832788E+00
+177.7500E-03,-277.6257E-03,-2.4330276E+00
+178.0000E-03,-317.8267E-03,-2.5033793E+00
+178.2500E-03,-307.7765E-03,-2.4229773E+00
+178.5000E-03,-217.3242E-03,-2.5234799E+00
+178.7500E-03,-277.6257E-03,-2.4631783E+00
+179.0000E-03,-317.8267E-03,-2.5435804E+00
+179.2500E-03,-317.8267E-03,-2.5033793E+00
+179.5000E-03,-337.9272E-03,-2.4832788E+00
+179.7500E-03,-347.9775E-03,-1.7496105E+00
+180.0000E-03,-358.0277E-03,-1.3777512E+00
+180.2500E-03,-287.6760E-03,-1.1767462E+00
+180.5000E-03,-438.4297E-03,-1.0762437E+00
+180.7500E-03,-378.1282E-03,-965.6909E-03
+181.0000E-03,-438.4297E-03,-855.1382E-03
+181.2500E-03,-478.6307E-03,-824.9874E-03
+181.5000E-03,-498.7312E-03,-754.6356E-03
+181.7500E-03,-538.9322E-03,-804.8869E-03
+182.0000E-03,-559.0327E-03,-814.9372E-03
+182.2500E-03,-599.2338E-03,-704.3844E-03
+182.5000E-03,-599.2338E-03,-694.3341E-03
+182.7500E-03,-629.3845E-03,-603.8819E-03
+183.0000E-03,-679.6358E-03,-734.5351E-03
+183.2500E-03,-659.5353E-03,-704.3844E-03
+183.5000E-03,-679.6358E-03,-593.8316E-03
+183.7500E-03,-659.5353E-03,-573.7311E-03
+184.0000E-03,-639.4348E-03,-613.9321E-03
+184.2500E-03,-870.5905E-03,-593.8316E-03
+184.5000E-03,-719.8368E-03,-553.6306E-03
+184.7500E-03,-790.1885E-03,-583.7814E-03
+185.0000E-03,-719.8368E-03,-493.3291E-03
+185.2500E-03,-780.1383E-03,-603.8819E-03
+185.5000E-03,-800.2388E-03,-573.7311E-03
+185.7500E-03,-830.3895E-03,-573.7311E-03
+186.0000E-03,-800.2388E-03,-573.7311E-03
+186.2500E-03,-850.4900E-03,-593.8316E-03
+186.5000E-03,-880.6408E-03,-553.6306E-03
+186.7500E-03,-890.6910E-03,-573.7311E-03
+187.0000E-03,-920.8418E-03,-493.3291E-03
+187.2500E-03,-1.0012438E+00,-533.5301E-03
+187.5000E-03,-920.8418E-03,-593.8316E-03
+187.7500E-03,-1.0313946E+00,-553.6306E-03
+188.0000E-03,-961.0428E-03,-533.5301E-03
+188.2500E-03,-1.0213443E+00,-553.6306E-03
+188.5000E-03,-1.0012438E+00,-573.7311E-03
+188.7500E-03,-971.0930E-03,-533.5301E-03
+189.0000E-03,-1.0012438E+00,-533.5301E-03
+189.2500E-03,-1.0112941E+00,-573.7311E-03
+189.5000E-03,-1.1017463E+00,-553.6306E-03
+189.7500E-03,-1.1218468E+00,-533.5301E-03
+190.0000E-03,-1.1218468E+00,-533.5301E-03
+190.2500E-03,-1.1419473E+00,-563.6809E-03
+190.5000E-03,-1.1017463E+00,-553.6306E-03
+190.7500E-03,-1.1117966E+00,-473.2286E-03
+191.0000E-03,-1.1218468E+00,-573.7311E-03
+191.2500E-03,-1.1821483E+00,-443.0779E-03
+191.5000E-03,-1.1821483E+00,-533.5301E-03
+191.7500E-03,-1.1821483E+00,-563.6809E-03
+192.0000E-03,-1.2022488E+00,-453.1281E-03
+192.2500E-03,-1.1921986E+00,-583.7814E-03
+192.5000E-03,-1.2424498E+00,-533.5301E-03
+192.7500E-03,-1.2323996E+00,-453.1281E-03
+193.0000E-03,-1.2826508E+00,-493.3291E-03
+193.2500E-03,-1.2726006E+00,-503.3794E-03
+193.5000E-03,-1.2826508E+00,-533.5301E-03
+193.7500E-03,-1.2122991E+00,-493.3291E-03
+194.0000E-03,-1.4032538E+00,-493.3291E-03
+194.2500E-03,-1.3329021E+00,-573.7311E-03
+194.5000E-03,-1.3429523E+00,-493.3291E-03
+194.7500E-03,-1.3128016E+00,-533.5301E-03
+195.0000E-03,-1.2826508E+00,-573.7311E-03
+195.2500E-03,-1.3429523E+00,-483.2789E-03
+195.5000E-03,-1.4233543E+00,-453.1281E-03
+195.7500E-03,-1.3530026E+00,-513.4296E-03
+196.0000E-03,-1.4032538E+00,-533.5301E-03
+196.2500E-03,-1.3932036E+00,-553.6306E-03
+196.5000E-03,-1.4434549E+00,-493.3291E-03
+196.7500E-03,-1.4133041E+00,-493.3291E-03
+197.0000E-03,-1.4836559E+00,-533.5301E-03
+197.2500E-03,-1.4635554E+00,-463.1784E-03
+197.5000E-03,-1.4032538E+00,-593.8316E-03
+197.7500E-03,-1.4635554E+00,-523.4799E-03
+198.0000E-03,-1.4836559E+00,-533.5301E-03
+198.2500E-03,-1.4334046E+00,-463.1784E-03
+198.5000E-03,-1.5439574E+00,-493.3291E-03
+198.7500E-03,-1.5138066E+00,-533.5301E-03
+199.0000E-03,-1.4836559E+00,-533.5301E-03
+199.2500E-03,-1.5439574E+00,-483.2789E-03
+199.5000E-03,-1.5640579E+00,-513.4296E-03
+199.7500E-03,-1.5439574E+00,-553.6306E-03
+200.0000E-03,-1.5640579E+00,-573.7311E-03
+200.2500E-03,-1.6042589E+00,-523.4799E-03
+200.5000E-03,-1.5640579E+00,-493.3291E-03
+200.7500E-03,-1.6042589E+00,-473.2286E-03
+201.0000E-03,-1.6042589E+00,-493.3291E-03
+201.2500E-03,-1.6243594E+00,-483.2789E-03
+201.5000E-03,-1.6243594E+00,-513.4296E-03
+201.7500E-03,-1.6344096E+00,-493.3291E-03
+202.0000E-03,-1.6042589E+00,-533.5301E-03
+202.2500E-03,-1.6645604E+00,-513.4296E-03
+202.5000E-03,-1.6645604E+00,-513.4296E-03
+202.7500E-03,-1.6444599E+00,-523.4799E-03
+203.0000E-03,-1.7248619E+00,-453.1281E-03
+203.2500E-03,-1.6746106E+00,-523.4799E-03
+203.5000E-03,-1.6444599E+00,-473.2286E-03
+203.7500E-03,-1.6947111E+00,-573.7311E-03
+204.0000E-03,-1.7650629E+00,-493.3291E-03
+204.2500E-03,-1.7449624E+00,-523.4799E-03
+204.5000E-03,-1.7248619E+00,-493.3291E-03
+204.7500E-03,-1.7952136E+00,-573.7311E-03
+205.0000E-03,-1.7248619E+00,-533.5301E-03
+205.2500E-03,-1.7148116E+00,-503.3794E-03
+205.5000E-03,-1.7248619E+00,-493.3291E-03
+205.7500E-03,-1.7851634E+00,-563.6809E-03
+206.0000E-03,-1.7248619E+00,-573.7311E-03
+206.2500E-03,-1.6545101E+00,-463.1784E-03
+206.5000E-03,-1.7650629E+00,-453.1281E-03
+206.7500E-03,-1.7952136E+00,-523.4799E-03
+207.0000E-03,-1.7248619E+00,-533.5301E-03
+207.2500E-03,-1.8253644E+00,-503.3794E-03
+207.5000E-03,-1.7248619E+00,-513.4296E-03
+207.7500E-03,-1.8153141E+00,-463.1784E-03
+208.0000E-03,-1.8052639E+00,-573.7311E-03
+208.2500E-03,-1.7851634E+00,-422.9774E-03
+208.5000E-03,-1.8052639E+00,-533.5301E-03
+208.7500E-03,-1.8354146E+00,-483.2789E-03
+209.0000E-03,-1.8856659E+00,-533.5301E-03
+209.2500E-03,-1.8555151E+00,-503.3794E-03
+209.5000E-03,-1.8454649E+00,-473.2286E-03
+209.7500E-03,-1.8052639E+00,-513.4296E-03
+210.0000E-03,-1.8454649E+00,-493.3291E-03
+210.2500E-03,-1.8655654E+00,-563.6809E-03
+210.5000E-03,-1.8655654E+00,-533.5301E-03
+210.7500E-03,-1.7952136E+00,-513.4296E-03
+211.0000E-03,-1.8454649E+00,-453.1281E-03
+211.2500E-03,-1.9359172E+00,-523.4799E-03
+211.5000E-03,-1.8856659E+00,-513.4296E-03
+211.7500E-03,-1.8655654E+00,-402.8769E-03
+212.0000E-03,-1.9258669E+00,-412.9271E-03
+212.2500E-03,-1.9158167E+00,-473.2286E-03
+212.5000E-03,-1.8856659E+00,-553.6306E-03
+212.7500E-03,-1.9459674E+00,-453.1281E-03
+213.0000E-03,-1.8454649E+00,-493.3291E-03
+213.2500E-03,-1.9158167E+00,-533.5301E-03
+213.5000E-03,-1.9459674E+00,-473.2286E-03
+213.7500E-03,-1.9560177E+00,-513.4296E-03
+214.0000E-03,-1.9258669E+00,-533.5301E-03
+214.2500E-03,-1.9560177E+00,-493.3291E-03
+214.5000E-03,-1.9660679E+00,-493.3291E-03
+214.7500E-03,-1.9459674E+00,-453.1281E-03
+215.0000E-03,-1.9660679E+00,-573.7311E-03
+215.2500E-03,-1.9660679E+00,-543.5804E-03
+215.5000E-03,-2.0062689E+00,-553.6306E-03
+215.7500E-03,-1.9962187E+00,-503.3794E-03
+216.0000E-03,-1.9660679E+00,-533.5301E-03
+216.2500E-03,-1.9660679E+00,-463.1784E-03
+216.5000E-03,-1.9660679E+00,-553.6306E-03
+216.7500E-03,-1.9761182E+00,-523.4799E-03
+217.0000E-03,-1.9660679E+00,-533.5301E-03
+217.2500E-03,-1.9962187E+00,-553.6306E-03
+217.5000E-03,-1.9861684E+00,-553.6306E-03
+217.7500E-03,-1.9459674E+00,-453.1281E-03
+218.0000E-03,-2.0062689E+00,-493.3291E-03
+218.2500E-03,-2.0263694E+00,-473.2286E-03
+218.5000E-03,-2.0866709E+00,-493.3291E-03
+218.7500E-03,-1.9861684E+00,-483.2789E-03
+219.0000E-03,-1.9660679E+00,-533.5301E-03
+219.2500E-03,-1.9761182E+00,-473.2286E-03
+219.5000E-03,-2.0464699E+00,-513.4296E-03
+219.7500E-03,-1.9861684E+00,-493.3291E-03
+220.0000E-03,-2.0464699E+00,-533.5301E-03
+220.2500E-03,-2.0163192E+00,-433.0276E-03
+220.5000E-03,-2.0263694E+00,-533.5301E-03
+220.7500E-03,-2.0163192E+00,-533.5301E-03
+221.0000E-03,-2.0464699E+00,-533.5301E-03
+221.2500E-03,-2.0263694E+00,-523.4799E-03
+221.5000E-03,-2.0263694E+00,-473.2286E-03
+221.7500E-03,-2.0163192E+00,-473.2286E-03
+222.0000E-03,-2.0062689E+00,-533.5301E-03
+222.2500E-03,-2.0464699E+00,-483.2789E-03
+222.5000E-03,-2.0665704E+00,-493.3291E-03
+222.7500E-03,-2.0766207E+00,-573.7311E-03
+223.0000E-03,-2.0866709E+00,-493.3291E-03
+223.2500E-03,-2.1268719E+00,-473.2286E-03
+223.5000E-03,-2.0464699E+00,-513.4296E-03
+223.7500E-03,-2.0967212E+00,-533.5301E-03
+224.0000E-03,-2.0866709E+00,-493.3291E-03
+224.2500E-03,-2.0866709E+00,-533.5301E-03
+224.5000E-03,-2.1067714E+00,-453.1281E-03
+224.7500E-03,-2.1369222E+00,-473.2286E-03
+225.0000E-03,-2.1268719E+00,-412.9271E-03
+225.2500E-03,-2.1871734E+00,-543.5804E-03
+225.5000E-03,-2.0866709E+00,-513.4296E-03
+225.7500E-03,-2.1570227E+00,-503.3794E-03
+226.0000E-03,-2.1268719E+00,-573.7311E-03
+226.2500E-03,-2.2173242E+00,-443.0779E-03
+226.5000E-03,-2.1670729E+00,-473.2286E-03
+226.7500E-03,-2.0866709E+00,-503.3794E-03
+227.0000E-03,-2.0866709E+00,-533.5301E-03
+227.2500E-03,-2.1972237E+00,-453.1281E-03
+227.5000E-03,-2.1469724E+00,-493.3291E-03
+227.7500E-03,-2.1871734E+00,-523.4799E-03
+228.0000E-03,-2.1670729E+00,-573.7311E-03
+228.2500E-03,-2.1570227E+00,-503.3794E-03
+228.5000E-03,-2.1469724E+00,-473.2286E-03
+228.7500E-03,-2.1168217E+00,-533.5301E-03
+229.0000E-03,-2.1670729E+00,-493.3291E-03
+229.2500E-03,-2.1871734E+00,-513.4296E-03
+229.5000E-03,-2.1670729E+00,-533.5301E-03
+229.7500E-03,-2.1972237E+00,-503.3794E-03
+230.0000E-03,-2.1268719E+00,-493.3291E-03
+230.2500E-03,-2.1871734E+00,-523.4799E-03
+230.5000E-03,-2.1871734E+00,-513.4296E-03
+230.7500E-03,-2.1670729E+00,-503.3794E-03
+231.0000E-03,-2.2072739E+00,-493.3291E-03
+231.2500E-03,-2.2776257E+00,-503.3794E-03
+231.5000E-03,-2.2474749E+00,-553.6306E-03
+231.7500E-03,-2.2173242E+00,-503.3794E-03
+232.0000E-03,-2.1670729E+00,-573.7311E-03
+232.2500E-03,-2.1972237E+00,-603.8819E-03
+232.5000E-03,-2.1670729E+00,-513.4296E-03
+232.7500E-03,-2.1871734E+00,-563.6809E-03
+233.0000E-03,-2.2072739E+00,-533.5301E-03
+233.2500E-03,-2.1670729E+00,-513.4296E-03
+233.5000E-03,-2.2273744E+00,-533.5301E-03
+233.7500E-03,-2.2474749E+00,-513.4296E-03
+234.0000E-03,-2.1268719E+00,-573.7311E-03
+234.2500E-03,-2.2675754E+00,-473.2286E-03
+234.5000E-03,-2.2675754E+00,-513.4296E-03
+234.7500E-03,-2.2374247E+00,-513.4296E-03
+235.0000E-03,-2.2474749E+00,-533.5301E-03
+235.2500E-03,-2.2575252E+00,-553.6306E-03
+235.5000E-03,-2.2675754E+00,-513.4296E-03
+235.7500E-03,-2.1871734E+00,-513.4296E-03
+236.0000E-03,-2.2474749E+00,-533.5301E-03
+236.2500E-03,-2.2374247E+00,-493.3291E-03
+236.5000E-03,-2.2474749E+00,-513.4296E-03
+236.7500E-03,-2.2876759E+00,-523.4799E-03
+237.0000E-03,-2.2072739E+00,-453.1281E-03
+237.2500E-03,-2.2072739E+00,-473.2286E-03
+237.5000E-03,-2.3077764E+00,-513.4296E-03
+237.7500E-03,-2.2474749E+00,-463.1784E-03
+238.0000E-03,-2.2474749E+00,-533.5301E-03
+238.2500E-03,-2.2575252E+00,-573.7311E-03
+238.5000E-03,-2.3077764E+00,-553.6306E-03
+238.7500E-03,-2.2575252E+00,-553.6306E-03
+239.0000E-03,-2.2876759E+00,-533.5301E-03
+239.2500E-03,-2.2977262E+00,-543.5804E-03
+239.5000E-03,-2.2876759E+00,-533.5301E-03
+239.7500E-03,-1.6545101E+00,-563.6809E-03
+240.0000E-03,-1.3228518E+00,-533.5301E-03
+240.2500E-03,-1.1419473E+00,-674.2336E-03
+240.5000E-03,-1.0414448E+00,-593.8316E-03
+240.7500E-03,-920.8418E-03,-674.2336E-03
+241.0000E-03,-920.8418E-03,-654.1331E-03
+241.2500E-03,-760.0378E-03,-623.9824E-03
+241.5000E-03,-760.0378E-03,-694.3341E-03
+241.7500E-03,-679.6358E-03,-734.5351E-03
+242.0000E-03,-599.2338E-03,-814.9372E-03
+242.2500E-03,-559.0327E-03,-804.8869E-03
+242.5000E-03,-538.9322E-03,-774.7362E-03
+242.7500E-03,-548.9825E-03,-754.6356E-03
+243.0000E-03,-438.4297E-03,-814.9372E-03
+243.2500E-03,-418.3292E-03,-935.5402E-03
+243.5000E-03,-518.8317E-03,-875.2387E-03
+243.7500E-03,-448.4800E-03,-915.4397E-03
+244.0000E-03,-478.6307E-03,-895.3392E-03
+244.2500E-03,-458.5302E-03,-1.0259924E+00
+244.5000E-03,-478.6307E-03,-875.2387E-03
+244.7500E-03,-438.4297E-03,-935.5402E-03
+245.0000E-03,-398.2287E-03,-1.0561432E+00
+245.2500E-03,-378.1282E-03,-935.5402E-03
+245.5000E-03,-418.3292E-03,-975.7412E-03
+245.7500E-03,-438.4297E-03,-975.7412E-03
+246.0000E-03,-398.2287E-03,-1.0561432E+00
+246.2500E-03,-337.9272E-03,-1.0762437E+00
+246.5000E-03,-358.0277E-03,-1.0762437E+00
+246.7500E-03,-408.2790E-03,-1.0963442E+00
+247.0000E-03,-358.0277E-03,-1.0159422E+00
+247.2500E-03,-358.0277E-03,-1.0561432E+00
+247.5000E-03,-337.9272E-03,-1.2169472E+00
+247.7500E-03,-347.9775E-03,-1.2269975E+00
+248.0000E-03,-277.6257E-03,-1.1767462E+00
+248.2500E-03,-378.1282E-03,-1.2068970E+00
+248.5000E-03,-398.2287E-03,-1.1968467E+00
+248.7500E-03,-378.1282E-03,-1.2068970E+00
+249.0000E-03,-438.4297E-03,-1.1767462E+00
+249.2500E-03,-398.2287E-03,-1.2671985E+00
+249.5000E-03,-358.0277E-03,-1.2571482E+00
+249.7500E-03,-347.9775E-03,-1.2671985E+00
